class	path
org.mockito.mock.MockName	/home/nima/Developer/nullness-benchmarks/mockito/src/main/java/org/mockito/mock/MockName.java
org.mockito.mock.SerializableMode	/home/nima/Developer/nullness-benchmarks/mockito/src/main/java/org/mockito/mock/SerializableMode.java
org.mockito.Incubating	/home/nima/Developer/nullness-benchmarks/mockito/src/main/java/org/mockito/Incubating.java
org.mockito.mock.MockCreationSettings	/home/nima/Developer/nullness-benchmarks/mockito/src/main/java/org/mockito/mock/MockCreationSettings.java
org.mockito.NotExtensible	/home/nima/Developer/nullness-benchmarks/mockito/src/main/java/org/mockito/NotExtensible.java
org.mockito.stubbing.Answer	/home/nima/Developer/nullness-benchmarks/mockito/src/main/java/org/mockito/stubbing/Answer.java
org.mockito.listeners.StubbingLookupListener	/home/nima/Developer/nullness-benchmarks/mockito/src/main/java/org/mockito/listeners/StubbingLookupListener.java
org.mockito.listeners.InvocationListener	/home/nima/Developer/nullness-benchmarks/mockito/src/main/java/org/mockito/listeners/InvocationListener.java
org.mockito.listeners.VerificationStartedListener	/home/nima/Developer/nullness-benchmarks/mockito/src/main/java/org/mockito/listeners/VerificationStartedListener.java
org.mockito.listeners.VerificationStartedEvent	/home/nima/Developer/nullness-benchmarks/mockito/src/main/java/org/mockito/listeners/VerificationStartedEvent.java
org.mockito.listeners.MethodInvocationReport	/home/nima/Developer/nullness-benchmarks/mockito/src/main/java/org/mockito/listeners/MethodInvocationReport.java
org.mockito.invocation.DescribedInvocation	/home/nima/Developer/nullness-benchmarks/mockito/src/main/java/org/mockito/invocation/DescribedInvocation.java
org.mockito.invocation.Location	/home/nima/Developer/nullness-benchmarks/mockito/src/main/java/org/mockito/invocation/Location.java
org.mockito.listeners.StubbingLookupEvent	/home/nima/Developer/nullness-benchmarks/mockito/src/main/java/org/mockito/listeners/StubbingLookupEvent.java
org.mockito.invocation.Invocation	/home/nima/Developer/nullness-benchmarks/mockito/src/main/java/org/mockito/invocation/Invocation.java
org.mockito.invocation.InvocationOnMock	/home/nima/Developer/nullness-benchmarks/mockito/src/main/java/org/mockito/invocation/InvocationOnMock.java
org.mockito.stubbing.Stubbing	/home/nima/Developer/nullness-benchmarks/mockito/src/main/java/org/mockito/stubbing/Stubbing.java
org.mockito.quality.Strictness	/home/nima/Developer/nullness-benchmarks/mockito/src/main/java/org/mockito/quality/Strictness.java
org.mockito.ArgumentMatcher	/home/nima/Developer/nullness-benchmarks/mockito/src/main/java/org/mockito/ArgumentMatcher.java
org.mockito.invocation.StubInfo	/home/nima/Developer/nullness-benchmarks/mockito/src/main/java/org/mockito/invocation/StubInfo.java
org.mockito.internal.util.StringUtil	/home/nima/Developer/nullness-benchmarks/mockito/src/main/java/org/mockito/internal/util/StringUtil.java
org.mockito.MockitoAnnotations	/home/nima/Developer/nullness-benchmarks/mockito/src/main/java/org/mockito/MockitoAnnotations.java
org.mockito.internal.progress.ThreadSafeMockingProgress	/home/nima/Developer/nullness-benchmarks/mockito/src/main/java/org/mockito/internal/progress/ThreadSafeMockingProgress.java
org.mockito.internal.progress.ThreadSafeMockingProgress$1	/home/nima/Developer/nullness-benchmarks/mockito/src/main/java/org/mockito/internal/progress/ThreadSafeMockingProgress.java
org.mockito.AdditionalMatchers	/home/nima/Developer/nullness-benchmarks/mockito/src/main/java/org/mockito/AdditionalMatchers.java
org.mockito.internal.progress.MockingProgress	/home/nima/Developer/nullness-benchmarks/mockito/src/main/java/org/mockito/internal/progress/MockingProgress.java
org.mockito.stubbing.OngoingStubbing	/home/nima/Developer/nullness-benchmarks/mockito/src/main/java/org/mockito/stubbing/OngoingStubbing.java
org.mockito.listeners.VerificationListener	/home/nima/Developer/nullness-benchmarks/mockito/src/main/java/org/mockito/listeners/VerificationListener.java
org.mockito.listeners.MockitoListener	/home/nima/Developer/nullness-benchmarks/mockito/src/main/java/org/mockito/listeners/MockitoListener.java
org.mockito.verification.VerificationMode	/home/nima/Developer/nullness-benchmarks/mockito/src/main/java/org/mockito/verification/VerificationMode.java
org.mockito.internal.progress.ArgumentMatcherStorage	/home/nima/Developer/nullness-benchmarks/mockito/src/main/java/org/mockito/internal/progress/ArgumentMatcherStorage.java
org.mockito.verification.VerificationStrategy	/home/nima/Developer/nullness-benchmarks/mockito/src/main/java/org/mockito/verification/VerificationStrategy.java
org.mockito.internal.matchers.LocalizedMatcher	/home/nima/Developer/nullness-benchmarks/mockito/src/main/java/org/mockito/internal/matchers/LocalizedMatcher.java
org.mockito.internal.verification.api.VerificationData	/home/nima/Developer/nullness-benchmarks/mockito/src/main/java/org/mockito/internal/verification/api/VerificationData.java
org.mockito.invocation.MatchableInvocation	/home/nima/Developer/nullness-benchmarks/mockito/src/main/java/org/mockito/invocation/MatchableInvocation.java
org.mockito.internal.invocation.MatcherApplicationStrategy	/home/nima/Developer/nullness-benchmarks/mockito/src/main/java/org/mockito/internal/invocation/MatcherApplicationStrategy.java
org.mockito.internal.invocation.MatcherApplicationStrategy$MatcherApplicationType	/home/nima/Developer/nullness-benchmarks/mockito/src/main/java/org/mockito/internal/invocation/MatcherApplicationStrategy.java
org.mockito.internal.invocation.TypeSafeMatching	/home/nima/Developer/nullness-benchmarks/mockito/src/main/java/org/mockito/internal/invocation/TypeSafeMatching.java
org.mockito.internal.invocation.InvocationMatcher	/home/nima/Developer/nullness-benchmarks/mockito/src/main/java/org/mockito/internal/invocation/InvocationMatcher.java
org.mockito.internal.invocation.InvocationMatcher$1	/home/nima/Developer/nullness-benchmarks/mockito/src/main/java/org/mockito/internal/invocation/InvocationMatcher.java
org.mockito.internal.invocation.ArgumentMatcherAction	/home/nima/Developer/nullness-benchmarks/mockito/src/main/java/org/mockito/internal/invocation/ArgumentMatcherAction.java
org.mockito.verification.VerificationEvent	/home/nima/Developer/nullness-benchmarks/mockito/src/main/java/org/mockito/verification/VerificationEvent.java
org.mockito.internal.util.Primitives	/home/nima/Developer/nullness-benchmarks/mockito/src/main/java/org/mockito/internal/util/Primitives.java
org.mockito.ArgumentCaptor	/home/nima/Developer/nullness-benchmarks/mockito/src/main/java/org/mockito/ArgumentCaptor.java
org.mockito.internal.reporting.Pluralizer	/home/nima/Developer/nullness-benchmarks/mockito/src/main/java/org/mockito/internal/reporting/Pluralizer.java
org.mockito.internal.exceptions.Reporter	/home/nima/Developer/nullness-benchmarks/mockito/src/main/java/org/mockito/internal/exceptions/Reporter.java
org.mockito.internal.matchers.CapturingMatcher	/home/nima/Developer/nullness-benchmarks/mockito/src/main/java/org/mockito/internal/matchers/CapturingMatcher.java
org.mockito.internal.matchers.CapturesArguments	/home/nima/Developer/nullness-benchmarks/mockito/src/main/java/org/mockito/internal/matchers/CapturesArguments.java
org.mockito.internal.matchers.VarargMatcher	/home/nima/Developer/nullness-benchmarks/mockito/src/main/java/org/mockito/internal/matchers/VarargMatcher.java
org.mockito.exceptions.base.MockitoException	/home/nima/Developer/nullness-benchmarks/mockito/src/main/java/org/mockito/exceptions/base/MockitoException.java
org.mockito.exceptions.base.MockitoAssertionError	/home/nima/Developer/nullness-benchmarks/mockito/src/main/java/org/mockito/exceptions/base/MockitoAssertionError.java
org.mockito.internal.reporting.Discrepancy	/home/nima/Developer/nullness-benchmarks/mockito/src/main/java/org/mockito/internal/reporting/Discrepancy.java
org.mockito.internal.exceptions.VerificationAwareInvocation	/home/nima/Developer/nullness-benchmarks/mockito/src/main/java/org/mockito/internal/exceptions/VerificationAwareInvocation.java
org.mockito.exceptions.verification.MoreThanAllowedActualInvocations	/home/nima/Developer/nullness-benchmarks/mockito/src/main/java/org/mockito/exceptions/verification/MoreThanAllowedActualInvocations.java
org.mockito.exceptions.misusing.UnnecessaryStubbingException	/home/nima/Developer/nullness-benchmarks/mockito/src/main/java/org/mockito/exceptions/misusing/UnnecessaryStubbingException.java
org.mockito.listeners.MockCreationListener	/home/nima/Developer/nullness-benchmarks/mockito/src/main/java/org/mockito/listeners/MockCreationListener.java
org.mockito.CheckReturnValue	/home/nima/Developer/nullness-benchmarks/mockito/src/main/java/org/mockito/CheckReturnValue.java
org.mockito.stubbing.VoidAnswer2	/home/nima/Developer/nullness-benchmarks/mockito/src/main/java/org/mockito/stubbing/VoidAnswer2.java
org.mockito.stubbing.Answer2	/home/nima/Developer/nullness-benchmarks/mockito/src/main/java/org/mockito/stubbing/Answer2.java
org.mockito.stubbing.Answer1	/home/nima/Developer/nullness-benchmarks/mockito/src/main/java/org/mockito/stubbing/Answer1.java
org.mockito.stubbing.VoidAnswer6	/home/nima/Developer/nullness-benchmarks/mockito/src/main/java/org/mockito/stubbing/VoidAnswer6.java
org.mockito.stubbing.LenientStubber	/home/nima/Developer/nullness-benchmarks/mockito/src/main/java/org/mockito/stubbing/LenientStubber.java
org.mockito.stubbing.BaseStubber	/home/nima/Developer/nullness-benchmarks/mockito/src/main/java/org/mockito/stubbing/BaseStubber.java
org.mockito.stubbing.Stubber	/home/nima/Developer/nullness-benchmarks/mockito/src/main/java/org/mockito/stubbing/Stubber.java
org.mockito.stubbing.Answer5	/home/nima/Developer/nullness-benchmarks/mockito/src/main/java/org/mockito/stubbing/Answer5.java
org.mockito.stubbing.VoidAnswer5	/home/nima/Developer/nullness-benchmarks/mockito/src/main/java/org/mockito/stubbing/VoidAnswer5.java
org.mockito.stubbing.VoidAnswer3	/home/nima/Developer/nullness-benchmarks/mockito/src/main/java/org/mockito/stubbing/VoidAnswer3.java
org.mockito.stubbing.VoidAnswer4	/home/nima/Developer/nullness-benchmarks/mockito/src/main/java/org/mockito/stubbing/VoidAnswer4.java
org.mockito.stubbing.Answer6	/home/nima/Developer/nullness-benchmarks/mockito/src/main/java/org/mockito/stubbing/Answer6.java
org.mockito.stubbing.ValidableAnswer	/home/nima/Developer/nullness-benchmarks/mockito/src/main/java/org/mockito/stubbing/ValidableAnswer.java
org.mockito.stubbing.VoidAnswer1	/home/nima/Developer/nullness-benchmarks/mockito/src/main/java/org/mockito/stubbing/VoidAnswer1.java
org.mockito.stubbing.Answer4	/home/nima/Developer/nullness-benchmarks/mockito/src/main/java/org/mockito/stubbing/Answer4.java
org.mockito.stubbing.Answer3	/home/nima/Developer/nullness-benchmarks/mockito/src/main/java/org/mockito/stubbing/Answer3.java
org.mockito.creation.instance.InstantiationException	/home/nima/Developer/nullness-benchmarks/mockito/src/main/java/org/mockito/creation/instance/InstantiationException.java
org.mockito.creation.instance.Instantiator	/home/nima/Developer/nullness-benchmarks/mockito/src/main/java/org/mockito/creation/instance/Instantiator.java
org.mockito.ArgumentMatchers	/home/nima/Developer/nullness-benchmarks/mockito/src/main/java/org/mockito/ArgumentMatchers.java
org.mockito.Spy	/home/nima/Developer/nullness-benchmarks/mockito/src/main/java/org/mockito/Spy.java
org.mockito.InOrder	/home/nima/Developer/nullness-benchmarks/mockito/src/main/java/org/mockito/InOrder.java
org.mockito.junit.MockitoJUnitRunner	/home/nima/Developer/nullness-benchmarks/mockito/src/main/java/org/mockito/junit/MockitoJUnitRunner.java
org.mockito.junit.MockitoJUnitRunner$Silent	/home/nima/Developer/nullness-benchmarks/mockito/src/main/java/org/mockito/junit/MockitoJUnitRunner.java
org.mockito.junit.MockitoJUnitRunner$Strict	/home/nima/Developer/nullness-benchmarks/mockito/src/main/java/org/mockito/junit/MockitoJUnitRunner.java
org.mockito.junit.MockitoJUnitRunner$StrictStubs	/home/nima/Developer/nullness-benchmarks/mockito/src/main/java/org/mockito/junit/MockitoJUnitRunner.java
org.mockito.internal.runners.InternalRunner	/home/nima/Developer/nullness-benchmarks/mockito/src/main/java/org/mockito/internal/runners/InternalRunner.java
org.mockito.junit.MockitoTestRule	/home/nima/Developer/nullness-benchmarks/mockito/src/main/java/org/mockito/junit/MockitoTestRule.java
org.mockito.junit.MockitoRule	/home/nima/Developer/nullness-benchmarks/mockito/src/main/java/org/mockito/junit/MockitoRule.java
org.mockito.junit.VerificationCollector	/home/nima/Developer/nullness-benchmarks/mockito/src/main/java/org/mockito/junit/VerificationCollector.java
org.mockito.junit.MockitoJUnit	/home/nima/Developer/nullness-benchmarks/mockito/src/main/java/org/mockito/junit/MockitoJUnit.java
org.mockito.invocation.MockHandler	/home/nima/Developer/nullness-benchmarks/mockito/src/main/java/org/mockito/invocation/MockHandler.java
org.mockito.invocation.InvocationContainer	/home/nima/Developer/nullness-benchmarks/mockito/src/main/java/org/mockito/invocation/InvocationContainer.java
org.mockito.invocation.InvocationFactory	/home/nima/Developer/nullness-benchmarks/mockito/src/main/java/org/mockito/invocation/InvocationFactory.java
org.mockito.invocation.InvocationFactory$RealMethodBehavior	/home/nima/Developer/nullness-benchmarks/mockito/src/main/java/org/mockito/invocation/InvocationFactory.java
org.mockito.MockitoSession	/home/nima/Developer/nullness-benchmarks/mockito/src/main/java/org/mockito/MockitoSession.java
org.mockito.BDDMockito	/home/nima/Developer/nullness-benchmarks/mockito/src/main/java/org/mockito/BDDMockito.java
org.mockito.BDDMockito$BDDMyOngoingStubbing	/home/nima/Developer/nullness-benchmarks/mockito/src/main/java/org/mockito/BDDMockito.java
org.mockito.BDDMockito$BDDOngoingStubbingImpl	/home/nima/Developer/nullness-benchmarks/mockito/src/main/java/org/mockito/BDDMockito.java
org.mockito.BDDMockito$Then	/home/nima/Developer/nullness-benchmarks/mockito/src/main/java/org/mockito/BDDMockito.java
org.mockito.BDDMockito$ThenImpl	/home/nima/Developer/nullness-benchmarks/mockito/src/main/java/org/mockito/BDDMockito.java
org.mockito.BDDMockito$BDDStubber	/home/nima/Developer/nullness-benchmarks/mockito/src/main/java/org/mockito/BDDMockito.java
org.mockito.BDDMockito$BDDStubberImpl	/home/nima/Developer/nullness-benchmarks/mockito/src/main/java/org/mockito/BDDMockito.java
org.mockito.Mockito	/home/nima/Developer/nullness-benchmarks/mockito/src/main/java/org/mockito/Mockito.java
org.mockito.internal.handler.MockHandlerFactory	/home/nima/Developer/nullness-benchmarks/mockito/src/main/java/org/mockito/internal/handler/MockHandlerFactory.java
org.mockito.plugins.MockMaker	/home/nima/Developer/nullness-benchmarks/mockito/src/main/java/org/mockito/plugins/MockMaker.java
org.mockito.plugins.MockMaker$TypeMockability	/home/nima/Developer/nullness-benchmarks/mockito/src/main/java/org/mockito/plugins/MockMaker.java
org.mockito.plugins.MockMaker$StaticMockControl	/home/nima/Developer/nullness-benchmarks/mockito/src/main/java/org/mockito/plugins/MockMaker.java
org.mockito.plugins.MockMaker$ConstructionMockControl	/home/nima/Developer/nullness-benchmarks/mockito/src/main/java/org/mockito/plugins/MockMaker.java
org.mockito.internal.util.MockUtil	/home/nima/Developer/nullness-benchmarks/mockito/src/main/java/org/mockito/internal/util/MockUtil.java
org.mockito.internal.verification.VerificationModeFactory	/home/nima/Developer/nullness-benchmarks/mockito/src/main/java/org/mockito/internal/verification/VerificationModeFactory.java
org.mockito.internal.MockitoCore	/home/nima/Developer/nullness-benchmarks/mockito/src/main/java/org/mockito/internal/MockitoCore.java
org.mockito.MockingDetails	/home/nima/Developer/nullness-benchmarks/mockito/src/main/java/org/mockito/MockingDetails.java
org.mockito.MockSettings	/home/nima/Developer/nullness-benchmarks/mockito/src/main/java/org/mockito/MockSettings.java
org.mockito.MockedStatic	/home/nima/Developer/nullness-benchmarks/mockito/src/main/java/org/mockito/MockedStatic.java
org.mockito.MockedStatic$Verification	/home/nima/Developer/nullness-benchmarks/mockito/src/main/java/org/mockito/MockedStatic.java
org.mockito.ScopedMock	/home/nima/Developer/nullness-benchmarks/mockito/src/main/java/org/mockito/ScopedMock.java
org.mockito.MockedConstruction	/home/nima/Developer/nullness-benchmarks/mockito/src/main/java/org/mockito/MockedConstruction.java
org.mockito.MockedConstruction$Context	/home/nima/Developer/nullness-benchmarks/mockito/src/main/java/org/mockito/MockedConstruction.java
org.mockito.MockedConstruction$MockInitializer	/home/nima/Developer/nullness-benchmarks/mockito/src/main/java/org/mockito/MockedConstruction.java
org.mockito.verification.VerificationWithTimeout	/home/nima/Developer/nullness-benchmarks/mockito/src/main/java/org/mockito/verification/VerificationWithTimeout.java
org.mockito.verification.VerificationAfterDelay	/home/nima/Developer/nullness-benchmarks/mockito/src/main/java/org/mockito/verification/VerificationAfterDelay.java
org.mockito.MockitoDebugger	/home/nima/Developer/nullness-benchmarks/mockito/src/main/java/org/mockito/MockitoDebugger.java
org.mockito.MockitoFramework	/home/nima/Developer/nullness-benchmarks/mockito/src/main/java/org/mockito/MockitoFramework.java
org.mockito.session.MockitoSessionBuilder	/home/nima/Developer/nullness-benchmarks/mockito/src/main/java/org/mockito/session/MockitoSessionBuilder.java
org.mockito.session.MockitoSessionLogger	/home/nima/Developer/nullness-benchmarks/mockito/src/main/java/org/mockito/session/MockitoSessionLogger.java
org.mockito.exceptions.misusing.UnfinishedMockingSessionException	/home/nima/Developer/nullness-benchmarks/mockito/src/main/java/org/mockito/exceptions/misusing/UnfinishedMockingSessionException.java
org.mockito.exceptions.misusing.RedundantListenerException	/home/nima/Developer/nullness-benchmarks/mockito/src/main/java/org/mockito/exceptions/misusing/RedundantListenerException.java
org.mockito.plugins.MockitoPlugins	/home/nima/Developer/nullness-benchmarks/mockito/src/main/java/org/mockito/plugins/MockitoPlugins.java
org.mockito.internal.verification.api.InOrderContext	/home/nima/Developer/nullness-benchmarks/mockito/src/main/java/org/mockito/internal/verification/api/InOrderContext.java
org.mockito.internal.stubbing.InvocationContainerImpl	/home/nima/Developer/nullness-benchmarks/mockito/src/main/java/org/mockito/internal/stubbing/InvocationContainerImpl.java
org.mockito.internal.stubbing.StubbedInvocationMatcher	/home/nima/Developer/nullness-benchmarks/mockito/src/main/java/org/mockito/internal/stubbing/StubbedInvocationMatcher.java
org.mockito.internal.stubbing.DoAnswerStyleStubbing	/home/nima/Developer/nullness-benchmarks/mockito/src/main/java/org/mockito/internal/stubbing/DoAnswerStyleStubbing.java
org.mockito.internal.verification.RegisteredInvocations	/home/nima/Developer/nullness-benchmarks/mockito/src/main/java/org/mockito/internal/verification/RegisteredInvocations.java
org.mockito.internal.util.collections.ListUtil	/home/nima/Developer/nullness-benchmarks/mockito/src/main/java/org/mockito/internal/util/collections/ListUtil.java
org.mockito.internal.util.collections.ListUtil$Filter	/home/nima/Developer/nullness-benchmarks/mockito/src/main/java/org/mockito/internal/util/collections/ListUtil.java
org.mockito.internal.util.collections.ListUtil$Converter	/home/nima/Developer/nullness-benchmarks/mockito/src/main/java/org/mockito/internal/util/collections/ListUtil.java
org.mockito.internal.invocation.InvocationsFinder	/home/nima/Developer/nullness-benchmarks/mockito/src/main/java/org/mockito/internal/invocation/InvocationsFinder.java
org.mockito.internal.invocation.InvocationsFinder$RemoveNotMatching	/home/nima/Developer/nullness-benchmarks/mockito/src/main/java/org/mockito/internal/invocation/InvocationsFinder.java
org.mockito.internal.invocation.InvocationsFinder$RemoveUnverifiedInOrder	/home/nima/Developer/nullness-benchmarks/mockito/src/main/java/org/mockito/internal/invocation/InvocationsFinder.java
org.mockito.internal.verification.argumentmatching.ArgumentMatchingTool	/home/nima/Developer/nullness-benchmarks/mockito/src/main/java/org/mockito/internal/verification/argumentmatching/ArgumentMatchingTool.java
org.mockito.internal.verification.checkers.MissingInvocationChecker	/home/nima/Developer/nullness-benchmarks/mockito/src/main/java/org/mockito/internal/verification/checkers/MissingInvocationChecker.java
org.mockito.internal.verification.checkers.MissingInvocationChecker$1	/home/nima/Developer/nullness-benchmarks/mockito/src/main/java/org/mockito/internal/verification/checkers/MissingInvocationChecker.java
org.mockito.internal.invocation.InvocationMarker	/home/nima/Developer/nullness-benchmarks/mockito/src/main/java/org/mockito/internal/invocation/InvocationMarker.java
org.mockito.internal.verification.checkers.NumberOfInvocationsChecker	/home/nima/Developer/nullness-benchmarks/mockito/src/main/java/org/mockito/internal/verification/checkers/NumberOfInvocationsChecker.java
org.mockito.internal.verification.Times	/home/nima/Developer/nullness-benchmarks/mockito/src/main/java/org/mockito/internal/verification/Times.java
org.mockito.internal.verification.api.VerificationInOrderMode	/home/nima/Developer/nullness-benchmarks/mockito/src/main/java/org/mockito/internal/verification/api/VerificationInOrderMode.java
org.mockito.internal.verification.Calls	/home/nima/Developer/nullness-benchmarks/mockito/src/main/java/org/mockito/internal/verification/Calls.java
org.mockito.internal.verification.NoMoreInteractions	/home/nima/Developer/nullness-benchmarks/mockito/src/main/java/org/mockito/internal/verification/NoMoreInteractions.java
org.mockito.internal.verification.NoInteractions	/home/nima/Developer/nullness-benchmarks/mockito/src/main/java/org/mockito/internal/verification/NoInteractions.java
org.mockito.internal.verification.api.VerificationDataInOrder	/home/nima/Developer/nullness-benchmarks/mockito/src/main/java/org/mockito/internal/verification/api/VerificationDataInOrder.java
org.mockito.verification.Timeout	/home/nima/Developer/nullness-benchmarks/mockito/src/main/java/org/mockito/verification/Timeout.java
org.mockito.internal.verification.VerificationWrapper	/home/nima/Developer/nullness-benchmarks/mockito/src/main/java/org/mockito/internal/verification/VerificationWrapper.java
org.mockito.internal.verification.VerificationOverTimeImpl	/home/nima/Developer/nullness-benchmarks/mockito/src/main/java/org/mockito/internal/verification/VerificationOverTimeImpl.java
org.mockito.internal.util.Timer	/home/nima/Developer/nullness-benchmarks/mockito/src/main/java/org/mockito/internal/util/Timer.java
org.mockito.verification.After	/home/nima/Developer/nullness-benchmarks/mockito/src/main/java/org/mockito/verification/After.java
org.mockito.internal.util.reflection.GenericTypeExtractor	/home/nima/Developer/nullness-benchmarks/mockito/src/main/java/org/mockito/internal/util/reflection/GenericTypeExtractor.java
org.mockito.internal.hamcrest.MatcherGenericTypeExtractor	/home/nima/Developer/nullness-benchmarks/mockito/src/main/java/org/mockito/internal/hamcrest/MatcherGenericTypeExtractor.java
org.mockito.hamcrest.MockitoHamcrest	/home/nima/Developer/nullness-benchmarks/mockito/src/main/java/org/mockito/hamcrest/MockitoHamcrest.java
org.mockito.configuration.AnnotationEngine	/home/nima/Developer/nullness-benchmarks/mockito/src/main/java/org/mockito/configuration/AnnotationEngine.java
org.mockito.plugins.AnnotationEngine	/home/nima/Developer/nullness-benchmarks/mockito/src/main/java/org/mockito/plugins/AnnotationEngine.java
org.mockito.plugins.AnnotationEngine$NoAction	/home/nima/Developer/nullness-benchmarks/mockito/src/main/java/org/mockito/plugins/AnnotationEngine.java
org.mockito.configuration.DefaultMockitoConfiguration	/home/nima/Developer/nullness-benchmarks/mockito/src/main/java/org/mockito/configuration/DefaultMockitoConfiguration.java
org.mockito.configuration.IMockitoConfiguration	/home/nima/Developer/nullness-benchmarks/mockito/src/main/java/org/mockito/configuration/IMockitoConfiguration.java
org.mockito.InjectMocks	/home/nima/Developer/nullness-benchmarks/mockito/src/main/java/org/mockito/InjectMocks.java
org.mockito.runners.MockitoJUnitRunner	/home/nima/Developer/nullness-benchmarks/mockito/src/main/java/org/mockito/runners/MockitoJUnitRunner.java
org.mockito.runners.MockitoJUnitRunner$Silent	/home/nima/Developer/nullness-benchmarks/mockito/src/main/java/org/mockito/runners/MockitoJUnitRunner.java
org.mockito.runners.MockitoJUnitRunner$Strict	/home/nima/Developer/nullness-benchmarks/mockito/src/main/java/org/mockito/runners/MockitoJUnitRunner.java
org.mockito.runners.ConsoleSpammingMockitoJUnitRunner	/home/nima/Developer/nullness-benchmarks/mockito/src/main/java/org/mockito/runners/ConsoleSpammingMockitoJUnitRunner.java
org.mockito.runners.ConsoleSpammingMockitoJUnitRunner$1	/home/nima/Developer/nullness-benchmarks/mockito/src/main/java/org/mockito/runners/ConsoleSpammingMockitoJUnitRunner.java
org.mockito.plugins.MockitoLogger	/home/nima/Developer/nullness-benchmarks/mockito/src/main/java/org/mockito/plugins/MockitoLogger.java
org.mockito.runners.VerboseMockitoJUnitRunner	/home/nima/Developer/nullness-benchmarks/mockito/src/main/java/org/mockito/runners/VerboseMockitoJUnitRunner.java
org.mockito.runners.VerboseMockitoJUnitRunner$1	/home/nima/Developer/nullness-benchmarks/mockito/src/main/java/org/mockito/runners/VerboseMockitoJUnitRunner.java
org.mockito.exceptions.misusing.NotAMockException	/home/nima/Developer/nullness-benchmarks/mockito/src/main/java/org/mockito/exceptions/misusing/NotAMockException.java
org.mockito.exceptions.misusing.UnfinishedStubbingException	/home/nima/Developer/nullness-benchmarks/mockito/src/main/java/org/mockito/exceptions/misusing/UnfinishedStubbingException.java
org.mockito.exceptions.misusing.InjectMocksException	/home/nima/Developer/nullness-benchmarks/mockito/src/main/java/org/mockito/exceptions/misusing/InjectMocksException.java
org.mockito.exceptions.misusing.PotentialStubbingProblem	/home/nima/Developer/nullness-benchmarks/mockito/src/main/java/org/mockito/exceptions/misusing/PotentialStubbingProblem.java
org.mockito.exceptions.misusing.UnfinishedVerificationException	/home/nima/Developer/nullness-benchmarks/mockito/src/main/java/org/mockito/exceptions/misusing/UnfinishedVerificationException.java
org.mockito.exceptions.misusing.InvalidUseOfMatchersException	/home/nima/Developer/nullness-benchmarks/mockito/src/main/java/org/mockito/exceptions/misusing/InvalidUseOfMatchersException.java
org.mockito.exceptions.misusing.CannotVerifyStubOnlyMock	/home/nima/Developer/nullness-benchmarks/mockito/src/main/java/org/mockito/exceptions/misusing/CannotVerifyStubOnlyMock.java
org.mockito.exceptions.misusing.MissingMethodInvocationException	/home/nima/Developer/nullness-benchmarks/mockito/src/main/java/org/mockito/exceptions/misusing/MissingMethodInvocationException.java
org.mockito.exceptions.misusing.MockitoConfigurationException	/home/nima/Developer/nullness-benchmarks/mockito/src/main/java/org/mockito/exceptions/misusing/MockitoConfigurationException.java
org.mockito.exceptions.misusing.WrongTypeOfReturnValue	/home/nima/Developer/nullness-benchmarks/mockito/src/main/java/org/mockito/exceptions/misusing/WrongTypeOfReturnValue.java
org.mockito.exceptions.misusing.NullInsteadOfMockException	/home/nima/Developer/nullness-benchmarks/mockito/src/main/java/org/mockito/exceptions/misusing/NullInsteadOfMockException.java
org.mockito.exceptions.misusing.FriendlyReminderException	/home/nima/Developer/nullness-benchmarks/mockito/src/main/java/org/mockito/exceptions/misusing/FriendlyReminderException.java
org.mockito.exceptions.misusing.CannotStubVoidMethodWithReturnValue	/home/nima/Developer/nullness-benchmarks/mockito/src/main/java/org/mockito/exceptions/misusing/CannotStubVoidMethodWithReturnValue.java
org.mockito.exceptions.verification.VerificationInOrderFailure	/home/nima/Developer/nullness-benchmarks/mockito/src/main/java/org/mockito/exceptions/verification/VerificationInOrderFailure.java
org.mockito.exceptions.verification.junit.ArgumentsAreDifferent	/home/nima/Developer/nullness-benchmarks/mockito/src/main/java/org/mockito/exceptions/verification/junit/ArgumentsAreDifferent.java
org.mockito.exceptions.verification.opentest4j.ArgumentsAreDifferent	/home/nima/Developer/nullness-benchmarks/mockito/src/main/java/org/mockito/exceptions/verification/opentest4j/ArgumentsAreDifferent.java
org.mockito.exceptions.verification.SmartNullPointerException	/home/nima/Developer/nullness-benchmarks/mockito/src/main/java/org/mockito/exceptions/verification/SmartNullPointerException.java
org.mockito.exceptions.verification.NoInteractionsWanted	/home/nima/Developer/nullness-benchmarks/mockito/src/main/java/org/mockito/exceptions/verification/NoInteractionsWanted.java
org.mockito.exceptions.verification.TooManyActualInvocations	/home/nima/Developer/nullness-benchmarks/mockito/src/main/java/org/mockito/exceptions/verification/TooManyActualInvocations.java
org.mockito.exceptions.verification.ArgumentsAreDifferent	/home/nima/Developer/nullness-benchmarks/mockito/src/main/java/org/mockito/exceptions/verification/ArgumentsAreDifferent.java
org.mockito.exceptions.verification.WantedButNotInvoked	/home/nima/Developer/nullness-benchmarks/mockito/src/main/java/org/mockito/exceptions/verification/WantedButNotInvoked.java
org.mockito.exceptions.verification.TooLittleActualInvocations	/home/nima/Developer/nullness-benchmarks/mockito/src/main/java/org/mockito/exceptions/verification/TooLittleActualInvocations.java
org.mockito.exceptions.verification.TooFewActualInvocations	/home/nima/Developer/nullness-benchmarks/mockito/src/main/java/org/mockito/exceptions/verification/TooFewActualInvocations.java
org.mockito.exceptions.verification.NeverWantedButInvoked	/home/nima/Developer/nullness-benchmarks/mockito/src/main/java/org/mockito/exceptions/verification/NeverWantedButInvoked.java
org.mockito.exceptions.stacktrace.StackTraceCleaner	/home/nima/Developer/nullness-benchmarks/mockito/src/main/java/org/mockito/exceptions/stacktrace/StackTraceCleaner.java
org.mockito.exceptions.base.MockitoSerializationIssue	/home/nima/Developer/nullness-benchmarks/mockito/src/main/java/org/mockito/exceptions/base/MockitoSerializationIssue.java
org.mockito.exceptions.base.MockitoInitializationException	/home/nima/Developer/nullness-benchmarks/mockito/src/main/java/org/mockito/exceptions/base/MockitoInitializationException.java
org.mockito.quality.MockitoHint	/home/nima/Developer/nullness-benchmarks/mockito/src/main/java/org/mockito/quality/MockitoHint.java
org.mockito.internal.listeners.AutoCleanableListener	/home/nima/Developer/nullness-benchmarks/mockito/src/main/java/org/mockito/internal/listeners/AutoCleanableListener.java
org.mockito.internal.listeners.StubbingLookupNotifier	/home/nima/Developer/nullness-benchmarks/mockito/src/main/java/org/mockito/internal/listeners/StubbingLookupNotifier.java
org.mockito.internal.listeners.StubbingLookupNotifier$Event	/home/nima/Developer/nullness-benchmarks/mockito/src/main/java/org/mockito/internal/listeners/StubbingLookupNotifier.java
org.mockito.internal.creation.settings.CreationSettings	/home/nima/Developer/nullness-benchmarks/mockito/src/main/java/org/mockito/internal/creation/settings/CreationSettings.java
org.mockito.internal.listeners.VerificationStartedNotifier	/home/nima/Developer/nullness-benchmarks/mockito/src/main/java/org/mockito/internal/listeners/VerificationStartedNotifier.java
org.mockito.internal.listeners.VerificationStartedNotifier$Event	/home/nima/Developer/nullness-benchmarks/mockito/src/main/java/org/mockito/internal/listeners/VerificationStartedNotifier.java
org.mockito.internal.stubbing.DefaultLenientStubber	/home/nima/Developer/nullness-benchmarks/mockito/src/main/java/org/mockito/internal/stubbing/DefaultLenientStubber.java
org.mockito.internal.stubbing.UnusedStubbingReporting	/home/nima/Developer/nullness-benchmarks/mockito/src/main/java/org/mockito/internal/stubbing/UnusedStubbingReporting.java
org.mockito.internal.stubbing.ConsecutiveStubbing	/home/nima/Developer/nullness-benchmarks/mockito/src/main/java/org/mockito/internal/stubbing/ConsecutiveStubbing.java
org.mockito.internal.stubbing.BaseStubbing	/home/nima/Developer/nullness-benchmarks/mockito/src/main/java/org/mockito/internal/stubbing/BaseStubbing.java
org.mockito.internal.stubbing.defaultanswers.ReturnsDeepStubs	/home/nima/Developer/nullness-benchmarks/mockito/src/main/java/org/mockito/internal/stubbing/defaultanswers/ReturnsDeepStubs.java
org.mockito.internal.stubbing.defaultanswers.ReturnsDeepStubs$ReturnsDeepStubsSerializationFallback	/home/nima/Developer/nullness-benchmarks/mockito/src/main/java/org/mockito/internal/stubbing/defaultanswers/ReturnsDeepStubs.java
org.mockito.internal.stubbing.defaultanswers.ReturnsDeepStubs$DeeplyStubbedAnswer	/home/nima/Developer/nullness-benchmarks/mockito/src/main/java/org/mockito/internal/stubbing/defaultanswers/ReturnsDeepStubs.java
org.mockito.internal.stubbing.defaultanswers.ReturnsDeepStubs$LazyHolder	/home/nima/Developer/nullness-benchmarks/mockito/src/main/java/org/mockito/internal/stubbing/defaultanswers/ReturnsDeepStubs.java
org.mockito.internal.util.reflection.GenericMetadataSupport	/home/nima/Developer/nullness-benchmarks/mockito/src/main/java/org/mockito/internal/util/reflection/GenericMetadataSupport.java
org.mockito.internal.util.reflection.GenericMetadataSupport$FromClassGenericMetadataSupport	/home/nima/Developer/nullness-benchmarks/mockito/src/main/java/org/mockito/internal/util/reflection/GenericMetadataSupport.java
org.mockito.internal.util.reflection.GenericMetadataSupport$FromParameterizedTypeGenericMetadataSupport	/home/nima/Developer/nullness-benchmarks/mockito/src/main/java/org/mockito/internal/util/reflection/GenericMetadataSupport.java
org.mockito.internal.util.reflection.GenericMetadataSupport$ParameterizedReturnType	/home/nima/Developer/nullness-benchmarks/mockito/src/main/java/org/mockito/internal/util/reflection/GenericMetadataSupport.java
org.mockito.internal.util.reflection.GenericMetadataSupport$TypeVariableReturnType	/home/nima/Developer/nullness-benchmarks/mockito/src/main/java/org/mockito/internal/util/reflection/GenericMetadataSupport.java
org.mockito.internal.util.reflection.GenericMetadataSupport$GenericArrayReturnType	/home/nima/Developer/nullness-benchmarks/mockito/src/main/java/org/mockito/internal/util/reflection/GenericMetadataSupport.java
org.mockito.internal.util.reflection.GenericMetadataSupport$NotGenericReturnTypeSupport	/home/nima/Developer/nullness-benchmarks/mockito/src/main/java/org/mockito/internal/util/reflection/GenericMetadataSupport.java
org.mockito.internal.util.reflection.GenericMetadataSupport$BoundedType	/home/nima/Developer/nullness-benchmarks/mockito/src/main/java/org/mockito/internal/util/reflection/GenericMetadataSupport.java
org.mockito.internal.util.reflection.GenericMetadataSupport$TypeVarBoundedType	/home/nima/Developer/nullness-benchmarks/mockito/src/main/java/org/mockito/internal/util/reflection/GenericMetadataSupport.java
org.mockito.internal.util.reflection.GenericMetadataSupport$WildCardBoundedType	/home/nima/Developer/nullness-benchmarks/mockito/src/main/java/org/mockito/internal/util/reflection/GenericMetadataSupport.java
org.mockito.internal.util.ObjectMethodsGuru	/home/nima/Developer/nullness-benchmarks/mockito/src/main/java/org/mockito/internal/util/ObjectMethodsGuru.java
org.mockito.internal.stubbing.defaultanswers.ReturnsEmptyValues	/home/nima/Developer/nullness-benchmarks/mockito/src/main/java/org/mockito/internal/stubbing/defaultanswers/ReturnsEmptyValues.java
org.mockito.internal.stubbing.defaultanswers.ReturnsSmartNulls	/home/nima/Developer/nullness-benchmarks/mockito/src/main/java/org/mockito/internal/stubbing/defaultanswers/ReturnsSmartNulls.java
org.mockito.internal.stubbing.defaultanswers.ReturnsSmartNulls$1	/home/nima/Developer/nullness-benchmarks/mockito/src/main/java/org/mockito/internal/stubbing/defaultanswers/ReturnsSmartNulls.java
org.mockito.internal.stubbing.defaultanswers.ReturnsSmartNulls$ThrowsSmartNullPointer	/home/nima/Developer/nullness-benchmarks/mockito/src/main/java/org/mockito/internal/stubbing/defaultanswers/ReturnsSmartNulls.java
org.mockito.internal.stubbing.defaultanswers.TriesToReturnSelf	/home/nima/Developer/nullness-benchmarks/mockito/src/main/java/org/mockito/internal/stubbing/defaultanswers/TriesToReturnSelf.java
org.mockito.internal.stubbing.defaultanswers.RetrieveGenericsForDefaultAnswers	/home/nima/Developer/nullness-benchmarks/mockito/src/main/java/org/mockito/internal/stubbing/defaultanswers/RetrieveGenericsForDefaultAnswers.java
org.mockito.internal.stubbing.defaultanswers.RetrieveGenericsForDefaultAnswers$AnswerCallback	/home/nima/Developer/nullness-benchmarks/mockito/src/main/java/org/mockito/internal/stubbing/defaultanswers/RetrieveGenericsForDefaultAnswers.java
org.mockito.internal.stubbing.defaultanswers.GloballyConfiguredAnswer	/home/nima/Developer/nullness-benchmarks/mockito/src/main/java/org/mockito/internal/stubbing/defaultanswers/GloballyConfiguredAnswer.java
org.mockito.internal.stubbing.defaultanswers.ReturnsMocks	/home/nima/Developer/nullness-benchmarks/mockito/src/main/java/org/mockito/internal/stubbing/defaultanswers/ReturnsMocks.java
org.mockito.internal.stubbing.defaultanswers.ReturnsMocks$1	/home/nima/Developer/nullness-benchmarks/mockito/src/main/java/org/mockito/internal/stubbing/defaultanswers/ReturnsMocks.java
org.mockito.internal.stubbing.defaultanswers.ForwardsInvocations	/home/nima/Developer/nullness-benchmarks/mockito/src/main/java/org/mockito/internal/stubbing/defaultanswers/ForwardsInvocations.java
org.mockito.internal.stubbing.defaultanswers.ReturnsMoreEmptyValues	/home/nima/Developer/nullness-benchmarks/mockito/src/main/java/org/mockito/internal/stubbing/defaultanswers/ReturnsMoreEmptyValues.java
org.mockito.internal.stubbing.StrictnessSelector	/home/nima/Developer/nullness-benchmarks/mockito/src/main/java/org/mockito/internal/stubbing/StrictnessSelector.java
org.mockito.internal.stubbing.OngoingStubbingImpl	/home/nima/Developer/nullness-benchmarks/mockito/src/main/java/org/mockito/internal/stubbing/OngoingStubbingImpl.java
org.mockito.internal.stubbing.StubbingComparator	/home/nima/Developer/nullness-benchmarks/mockito/src/main/java/org/mockito/internal/stubbing/StubbingComparator.java
org.mockito.internal.invocation.InvocationComparator	/home/nima/Developer/nullness-benchmarks/mockito/src/main/java/org/mockito/internal/invocation/InvocationComparator.java
org.mockito.internal.stubbing.answers.DoesNothing	/home/nima/Developer/nullness-benchmarks/mockito/src/main/java/org/mockito/internal/stubbing/answers/DoesNothing.java
org.mockito.internal.stubbing.StubberImpl	/home/nima/Developer/nullness-benchmarks/mockito/src/main/java/org/mockito/internal/stubbing/StubberImpl.java
org.mockito.internal.stubbing.answers.DefaultAnswerValidator	/home/nima/Developer/nullness-benchmarks/mockito/src/main/java/org/mockito/internal/stubbing/answers/DefaultAnswerValidator.java
org.mockito.internal.stubbing.answers.Returns	/home/nima/Developer/nullness-benchmarks/mockito/src/main/java/org/mockito/internal/stubbing/answers/Returns.java
org.mockito.Answers	/home/nima/Developer/nullness-benchmarks/mockito/src/main/java/org/mockito/Answers.java
org.mockito.internal.stubbing.answers.CallsRealMethods	/home/nima/Developer/nullness-benchmarks/mockito/src/main/java/org/mockito/internal/stubbing/answers/CallsRealMethods.java
org.mockito.internal.stubbing.answers.ReturnsArgumentAt	/home/nima/Developer/nullness-benchmarks/mockito/src/main/java/org/mockito/internal/stubbing/answers/ReturnsArgumentAt.java
org.mockito.internal.stubbing.answers.AnswersWithDelay	/home/nima/Developer/nullness-benchmarks/mockito/src/main/java/org/mockito/internal/stubbing/answers/AnswersWithDelay.java
org.mockito.internal.stubbing.answers.AbstractThrowsException	/home/nima/Developer/nullness-benchmarks/mockito/src/main/java/org/mockito/internal/stubbing/answers/AbstractThrowsException.java
org.mockito.internal.exceptions.stacktrace.ConditionalStackTraceFilter	/home/nima/Developer/nullness-benchmarks/mockito/src/main/java/org/mockito/internal/exceptions/stacktrace/ConditionalStackTraceFilter.java
org.mockito.internal.exceptions.stacktrace.StackTraceFilter	/home/nima/Developer/nullness-benchmarks/mockito/src/main/java/org/mockito/internal/exceptions/stacktrace/StackTraceFilter.java
org.mockito.internal.stubbing.answers.ThrowsExceptionForClassType	/home/nima/Developer/nullness-benchmarks/mockito/src/main/java/org/mockito/internal/stubbing/answers/ThrowsExceptionForClassType.java
org.mockito.internal.stubbing.answers.ClonesArguments	/home/nima/Developer/nullness-benchmarks/mockito/src/main/java/org/mockito/internal/stubbing/answers/ClonesArguments.java
org.mockito.internal.stubbing.answers.AnswerFunctionalInterfaces	/home/nima/Developer/nullness-benchmarks/mockito/src/main/java/org/mockito/internal/stubbing/answers/AnswerFunctionalInterfaces.java
org.mockito.internal.stubbing.answers.AnswerFunctionalInterfaces$1	/home/nima/Developer/nullness-benchmarks/mockito/src/main/java/org/mockito/internal/stubbing/answers/AnswerFunctionalInterfaces.java
org.mockito.internal.stubbing.answers.AnswerFunctionalInterfaces$2	/home/nima/Developer/nullness-benchmarks/mockito/src/main/java/org/mockito/internal/stubbing/answers/AnswerFunctionalInterfaces.java
org.mockito.internal.stubbing.answers.AnswerFunctionalInterfaces$3	/home/nima/Developer/nullness-benchmarks/mockito/src/main/java/org/mockito/internal/stubbing/answers/AnswerFunctionalInterfaces.java
org.mockito.internal.stubbing.answers.AnswerFunctionalInterfaces$4	/home/nima/Developer/nullness-benchmarks/mockito/src/main/java/org/mockito/internal/stubbing/answers/AnswerFunctionalInterfaces.java
org.mockito.internal.stubbing.answers.AnswerFunctionalInterfaces$5	/home/nima/Developer/nullness-benchmarks/mockito/src/main/java/org/mockito/internal/stubbing/answers/AnswerFunctionalInterfaces.java
org.mockito.internal.stubbing.answers.AnswerFunctionalInterfaces$6	/home/nima/Developer/nullness-benchmarks/mockito/src/main/java/org/mockito/internal/stubbing/answers/AnswerFunctionalInterfaces.java
org.mockito.internal.stubbing.answers.AnswerFunctionalInterfaces$7	/home/nima/Developer/nullness-benchmarks/mockito/src/main/java/org/mockito/internal/stubbing/answers/AnswerFunctionalInterfaces.java
org.mockito.internal.stubbing.answers.AnswerFunctionalInterfaces$8	/home/nima/Developer/nullness-benchmarks/mockito/src/main/java/org/mockito/internal/stubbing/answers/AnswerFunctionalInterfaces.java
org.mockito.internal.stubbing.answers.AnswerFunctionalInterfaces$9	/home/nima/Developer/nullness-benchmarks/mockito/src/main/java/org/mockito/internal/stubbing/answers/AnswerFunctionalInterfaces.java
org.mockito.internal.stubbing.answers.AnswerFunctionalInterfaces$10	/home/nima/Developer/nullness-benchmarks/mockito/src/main/java/org/mockito/internal/stubbing/answers/AnswerFunctionalInterfaces.java
org.mockito.internal.stubbing.answers.AnswerFunctionalInterfaces$11	/home/nima/Developer/nullness-benchmarks/mockito/src/main/java/org/mockito/internal/stubbing/answers/AnswerFunctionalInterfaces.java
org.mockito.internal.stubbing.answers.AnswerFunctionalInterfaces$12	/home/nima/Developer/nullness-benchmarks/mockito/src/main/java/org/mockito/internal/stubbing/answers/AnswerFunctionalInterfaces.java
org.mockito.internal.stubbing.answers.ThrowsException	/home/nima/Developer/nullness-benchmarks/mockito/src/main/java/org/mockito/internal/stubbing/answers/ThrowsException.java
org.mockito.internal.stubbing.answers.InvocationInfo	/home/nima/Developer/nullness-benchmarks/mockito/src/main/java/org/mockito/internal/stubbing/answers/InvocationInfo.java
org.mockito.internal.invocation.AbstractAwareMethod	/home/nima/Developer/nullness-benchmarks/mockito/src/main/java/org/mockito/internal/invocation/AbstractAwareMethod.java
org.mockito.internal.stubbing.answers.ReturnsElementsOf	/home/nima/Developer/nullness-benchmarks/mockito/src/main/java/org/mockito/internal/stubbing/answers/ReturnsElementsOf.java
org.mockito.internal.util.collections.Sets	/home/nima/Developer/nullness-benchmarks/mockito/src/main/java/org/mockito/internal/util/collections/Sets.java
org.mockito.internal.creation.MockSettingsImpl	/home/nima/Developer/nullness-benchmarks/mockito/src/main/java/org/mockito/internal/creation/MockSettingsImpl.java
org.mockito.internal.creation.util.MockitoMethodProxy	/home/nima/Developer/nullness-benchmarks/mockito/src/main/java/org/mockito/internal/creation/util/MockitoMethodProxy.java
org.mockito.internal.creation.SuspendMethod	/home/nima/Developer/nullness-benchmarks/mockito/src/main/java/org/mockito/internal/creation/SuspendMethod.java
org.mockito.internal.creation.DelegatingMethod	/home/nima/Developer/nullness-benchmarks/mockito/src/main/java/org/mockito/internal/creation/DelegatingMethod.java
org.mockito.internal.invocation.MockitoMethod	/home/nima/Developer/nullness-benchmarks/mockito/src/main/java/org/mockito/internal/invocation/MockitoMethod.java
org.mockito.internal.creation.bytebuddy.SubclassLoader	/home/nima/Developer/nullness-benchmarks/mockito/src/main/java/org/mockito/internal/creation/bytebuddy/SubclassLoader.java
org.mockito.internal.creation.bytebuddy.ClassCreatingMockMaker	/home/nima/Developer/nullness-benchmarks/mockito/src/main/java/org/mockito/internal/creation/bytebuddy/ClassCreatingMockMaker.java
org.mockito.internal.creation.bytebuddy.TypeCachingBytecodeGenerator	/home/nima/Developer/nullness-benchmarks/mockito/src/main/java/org/mockito/internal/creation/bytebuddy/TypeCachingBytecodeGenerator.java
org.mockito.internal.creation.bytebuddy.TypeCachingBytecodeGenerator$1	/home/nima/Developer/nullness-benchmarks/mockito/src/main/java/org/mockito/internal/creation/bytebuddy/TypeCachingBytecodeGenerator.java
org.mockito.internal.creation.bytebuddy.TypeCachingBytecodeGenerator$MockitoMockKey	/home/nima/Developer/nullness-benchmarks/mockito/src/main/java/org/mockito/internal/creation/bytebuddy/TypeCachingBytecodeGenerator.java
org.mockito.internal.creation.bytebuddy.BytecodeGenerator	/home/nima/Developer/nullness-benchmarks/mockito/src/main/java/org/mockito/internal/creation/bytebuddy/BytecodeGenerator.java
org.mockito.internal.creation.bytebuddy.MockFeatures	/home/nima/Developer/nullness-benchmarks/mockito/src/main/java/org/mockito/internal/creation/bytebuddy/MockFeatures.java
org.mockito.internal.creation.bytebuddy.ModuleHandler	/home/nima/Developer/nullness-benchmarks/mockito/src/main/java/org/mockito/internal/creation/bytebuddy/ModuleHandler.java
org.mockito.internal.creation.bytebuddy.ModuleHandler$ModuleSystemFound	/home/nima/Developer/nullness-benchmarks/mockito/src/main/java/org/mockito/internal/creation/bytebuddy/ModuleHandler.java
org.mockito.internal.creation.bytebuddy.ModuleHandler$NoModuleSystemFound	/home/nima/Developer/nullness-benchmarks/mockito/src/main/java/org/mockito/internal/creation/bytebuddy/ModuleHandler.java
org.mockito.internal.creation.bytebuddy.inject.MockMethodDispatcher	/home/nima/Developer/nullness-benchmarks/mockito/src/main/java/org/mockito/internal/creation/bytebuddy/inject/MockMethodDispatcher.java
org.mockito.internal.creation.bytebuddy.InlineBytecodeGenerator	/home/nima/Developer/nullness-benchmarks/mockito/src/main/java/org/mockito/internal/creation/bytebuddy/InlineBytecodeGenerator.java
org.mockito.internal.creation.bytebuddy.InlineBytecodeGenerator$ParameterWritingVisitorWrapper	/home/nima/Developer/nullness-benchmarks/mockito/src/main/java/org/mockito/internal/creation/bytebuddy/InlineBytecodeGenerator.java
org.mockito.internal.creation.bytebuddy.InlineBytecodeGenerator$ParameterWritingVisitorWrapper$ParameterAddingClassVisitor	/home/nima/Developer/nullness-benchmarks/mockito/src/main/java/org/mockito/internal/creation/bytebuddy/InlineBytecodeGenerator.java
org.mockito.internal.creation.bytebuddy.InlineBytecodeGenerator$ParameterWritingVisitorWrapper$MethodParameterStrippingMethodVisitor	/home/nima/Developer/nullness-benchmarks/mockito/src/main/java/org/mockito/internal/creation/bytebuddy/InlineBytecodeGenerator.java
org.mockito.internal.util.concurrent.WeakConcurrentSet	/home/nima/Developer/nullness-benchmarks/mockito/src/main/java/org/mockito/internal/util/concurrent/WeakConcurrentSet.java
org.mockito.internal.util.concurrent.WeakConcurrentSet$Cleaner	/home/nima/Developer/nullness-benchmarks/mockito/src/main/java/org/mockito/internal/util/concurrent/WeakConcurrentSet.java
org.mockito.internal.util.concurrent.WeakConcurrentSet$ReducingIterator	/home/nima/Developer/nullness-benchmarks/mockito/src/main/java/org/mockito/internal/util/concurrent/WeakConcurrentSet.java
org.mockito.internal.util.concurrent.WeakConcurrentMap	/home/nima/Developer/nullness-benchmarks/mockito/src/main/java/org/mockito/internal/util/concurrent/WeakConcurrentMap.java
org.mockito.internal.util.concurrent.WeakConcurrentMap$WeakKey	/home/nima/Developer/nullness-benchmarks/mockito/src/main/java/org/mockito/internal/util/concurrent/WeakConcurrentMap.java
org.mockito.internal.util.concurrent.WeakConcurrentMap$LatentKey	/home/nima/Developer/nullness-benchmarks/mockito/src/main/java/org/mockito/internal/util/concurrent/WeakConcurrentMap.java
org.mockito.internal.util.concurrent.WeakConcurrentMap$WithInlinedExpunction	/home/nima/Developer/nullness-benchmarks/mockito/src/main/java/org/mockito/internal/util/concurrent/WeakConcurrentMap.java
org.mockito.internal.util.concurrent.WeakConcurrentMap$EntryIterator	/home/nima/Developer/nullness-benchmarks/mockito/src/main/java/org/mockito/internal/util/concurrent/WeakConcurrentMap.java
org.mockito.internal.util.concurrent.WeakConcurrentMap$SimpleEntry	/home/nima/Developer/nullness-benchmarks/mockito/src/main/java/org/mockito/internal/util/concurrent/WeakConcurrentMap.java
org.mockito.internal.invocation.DefaultInvocationFactory	/home/nima/Developer/nullness-benchmarks/mockito/src/main/java/org/mockito/internal/invocation/DefaultInvocationFactory.java
org.mockito.internal.creation.bytebuddy.MockMethodInterceptor	/home/nima/Developer/nullness-benchmarks/mockito/src/main/java/org/mockito/internal/creation/bytebuddy/MockMethodInterceptor.java
org.mockito.internal.creation.bytebuddy.MockMethodInterceptor$ForHashCode	/home/nima/Developer/nullness-benchmarks/mockito/src/main/java/org/mockito/internal/creation/bytebuddy/MockMethodInterceptor.java
org.mockito.internal.creation.bytebuddy.MockMethodInterceptor$ForEquals	/home/nima/Developer/nullness-benchmarks/mockito/src/main/java/org/mockito/internal/creation/bytebuddy/MockMethodInterceptor.java
org.mockito.internal.creation.bytebuddy.MockMethodInterceptor$ForWriteReplace	/home/nima/Developer/nullness-benchmarks/mockito/src/main/java/org/mockito/internal/creation/bytebuddy/MockMethodInterceptor.java
org.mockito.internal.creation.bytebuddy.MockMethodInterceptor$DispatcherDefaultingToRealMethod	/home/nima/Developer/nullness-benchmarks/mockito/src/main/java/org/mockito/internal/creation/bytebuddy/MockMethodInterceptor.java
org.mockito.internal.util.concurrent.DetachedThreadLocal	/home/nima/Developer/nullness-benchmarks/mockito/src/main/java/org/mockito/internal/util/concurrent/DetachedThreadLocal.java
org.mockito.internal.util.concurrent.DetachedThreadLocal$1	/home/nima/Developer/nullness-benchmarks/mockito/src/main/java/org/mockito/internal/util/concurrent/DetachedThreadLocal.java
org.mockito.internal.util.concurrent.DetachedThreadLocal$2	/home/nima/Developer/nullness-benchmarks/mockito/src/main/java/org/mockito/internal/util/concurrent/DetachedThreadLocal.java
org.mockito.internal.util.concurrent.DetachedThreadLocal$Cleaner	/home/nima/Developer/nullness-benchmarks/mockito/src/main/java/org/mockito/internal/util/concurrent/DetachedThreadLocal.java
org.mockito.internal.creation.bytebuddy.ConstructionCallback	/home/nima/Developer/nullness-benchmarks/mockito/src/main/java/org/mockito/internal/creation/bytebuddy/ConstructionCallback.java
org.mockito.internal.creation.bytebuddy.ByteBuddyCrossClassLoaderSerializationSupport	/home/nima/Developer/nullness-benchmarks/mockito/src/main/java/org/mockito/internal/creation/bytebuddy/ByteBuddyCrossClassLoaderSerializationSupport.java
org.mockito.internal.creation.bytebuddy.ByteBuddyCrossClassLoaderSerializationSupport$CrossClassLoaderSerializationProxy	/home/nima/Developer/nullness-benchmarks/mockito/src/main/java/org/mockito/internal/creation/bytebuddy/ByteBuddyCrossClassLoaderSerializationSupport.java
org.mockito.internal.creation.bytebuddy.ByteBuddyCrossClassLoaderSerializationSupport$MockitoMockObjectInputStream	/home/nima/Developer/nullness-benchmarks/mockito/src/main/java/org/mockito/internal/creation/bytebuddy/ByteBuddyCrossClassLoaderSerializationSupport.java
org.mockito.internal.creation.bytebuddy.ByteBuddyCrossClassLoaderSerializationSupport$MockitoMockObjectOutputStream	/home/nima/Developer/nullness-benchmarks/mockito/src/main/java/org/mockito/internal/creation/bytebuddy/ByteBuddyCrossClassLoaderSerializationSupport.java
org.mockito.internal.creation.bytebuddy.ByteBuddyCrossClassLoaderSerializationSupport$CrossClassLoaderSerializableMock	/home/nima/Developer/nullness-benchmarks/mockito/src/main/java/org/mockito/internal/creation/bytebuddy/ByteBuddyCrossClassLoaderSerializationSupport.java
org.mockito.internal.invocation.RealMethod	/home/nima/Developer/nullness-benchmarks/mockito/src/main/java/org/mockito/internal/invocation/RealMethod.java
org.mockito.internal.invocation.RealMethod$IsIllegal	/home/nima/Developer/nullness-benchmarks/mockito/src/main/java/org/mockito/internal/invocation/RealMethod.java
org.mockito.internal.invocation.RealMethod$FromCallable	/home/nima/Developer/nullness-benchmarks/mockito/src/main/java/org/mockito/internal/invocation/RealMethod.java
org.mockito.internal.invocation.RealMethod$FromCallable$1	/home/nima/Developer/nullness-benchmarks/mockito/src/main/java/org/mockito/internal/invocation/RealMethod.java
org.mockito.internal.invocation.RealMethod$FromBehavior	/home/nima/Developer/nullness-benchmarks/mockito/src/main/java/org/mockito/internal/invocation/RealMethod.java
org.mockito.internal.invocation.ArgumentsProcessor	/home/nima/Developer/nullness-benchmarks/mockito/src/main/java/org/mockito/internal/invocation/ArgumentsProcessor.java
org.mockito.internal.invocation.InterceptedInvocation	/home/nima/Developer/nullness-benchmarks/mockito/src/main/java/org/mockito/internal/invocation/InterceptedInvocation.java
org.mockito.internal.invocation.InterceptedInvocation$1	/home/nima/Developer/nullness-benchmarks/mockito/src/main/java/org/mockito/internal/invocation/InterceptedInvocation.java
org.mockito.internal.invocation.mockref.MockReference	/home/nima/Developer/nullness-benchmarks/mockito/src/main/java/org/mockito/internal/invocation/mockref/MockReference.java
org.mockito.internal.creation.bytebuddy.MockAccess	/home/nima/Developer/nullness-benchmarks/mockito/src/main/java/org/mockito/internal/creation/bytebuddy/MockAccess.java
org.mockito.internal.creation.bytebuddy.SubclassInjectionLoader	/home/nima/Developer/nullness-benchmarks/mockito/src/main/java/org/mockito/internal/creation/bytebuddy/SubclassInjectionLoader.java
org.mockito.internal.creation.bytebuddy.SubclassInjectionLoader$WithReflection	/home/nima/Developer/nullness-benchmarks/mockito/src/main/java/org/mockito/internal/creation/bytebuddy/SubclassInjectionLoader.java
org.mockito.internal.creation.bytebuddy.SubclassInjectionLoader$WithLookup	/home/nima/Developer/nullness-benchmarks/mockito/src/main/java/org/mockito/internal/creation/bytebuddy/SubclassInjectionLoader.java
org.mockito.internal.creation.bytebuddy.SubclassBytecodeGenerator	/home/nima/Developer/nullness-benchmarks/mockito/src/main/java/org/mockito/internal/creation/bytebuddy/SubclassBytecodeGenerator.java
org.mockito.internal.creation.bytebuddy.InlineByteBuddyMockMaker	/home/nima/Developer/nullness-benchmarks/mockito/src/main/java/org/mockito/internal/creation/bytebuddy/InlineByteBuddyMockMaker.java
org.mockito.internal.creation.bytebuddy.InlineByteBuddyMockMaker$1	/home/nima/Developer/nullness-benchmarks/mockito/src/main/java/org/mockito/internal/creation/bytebuddy/InlineByteBuddyMockMaker.java
org.mockito.internal.creation.bytebuddy.InlineByteBuddyMockMaker$InlineStaticMockControl	/home/nima/Developer/nullness-benchmarks/mockito/src/main/java/org/mockito/internal/creation/bytebuddy/InlineByteBuddyMockMaker.java
org.mockito.internal.creation.bytebuddy.InlineByteBuddyMockMaker$InlineConstructionMockControl	/home/nima/Developer/nullness-benchmarks/mockito/src/main/java/org/mockito/internal/creation/bytebuddy/InlineByteBuddyMockMaker.java
org.mockito.internal.creation.bytebuddy.InlineByteBuddyMockMaker$InlineConstructionMockContext	/home/nima/Developer/nullness-benchmarks/mockito/src/main/java/org/mockito/internal/creation/bytebuddy/InlineByteBuddyMockMaker.java
org.mockito.plugins.InlineMockMaker	/home/nima/Developer/nullness-benchmarks/mockito/src/main/java/org/mockito/plugins/InlineMockMaker.java
org.mockito.internal.creation.bytebuddy.ByteBuddyMockMaker	/home/nima/Developer/nullness-benchmarks/mockito/src/main/java/org/mockito/internal/creation/bytebuddy/ByteBuddyMockMaker.java
org.mockito.internal.creation.bytebuddy.MockMethodAdvice	/home/nima/Developer/nullness-benchmarks/mockito/src/main/java/org/mockito/internal/creation/bytebuddy/MockMethodAdvice.java
org.mockito.internal.creation.bytebuddy.MockMethodAdvice$RealMethodCall	/home/nima/Developer/nullness-benchmarks/mockito/src/main/java/org/mockito/internal/creation/bytebuddy/MockMethodAdvice.java
org.mockito.internal.creation.bytebuddy.MockMethodAdvice$SerializableRealMethodCall	/home/nima/Developer/nullness-benchmarks/mockito/src/main/java/org/mockito/internal/creation/bytebuddy/MockMethodAdvice.java
org.mockito.internal.creation.bytebuddy.MockMethodAdvice$StaticMethodCall	/home/nima/Developer/nullness-benchmarks/mockito/src/main/java/org/mockito/internal/creation/bytebuddy/MockMethodAdvice.java
org.mockito.internal.creation.bytebuddy.MockMethodAdvice$ReturnValueWrapper	/home/nima/Developer/nullness-benchmarks/mockito/src/main/java/org/mockito/internal/creation/bytebuddy/MockMethodAdvice.java
org.mockito.internal.creation.bytebuddy.MockMethodAdvice$SelfCallInfo	/home/nima/Developer/nullness-benchmarks/mockito/src/main/java/org/mockito/internal/creation/bytebuddy/MockMethodAdvice.java
org.mockito.internal.creation.bytebuddy.MockMethodAdvice$ConstructorShortcut	/home/nima/Developer/nullness-benchmarks/mockito/src/main/java/org/mockito/internal/creation/bytebuddy/MockMethodAdvice.java
org.mockito.internal.creation.bytebuddy.MockMethodAdvice$ConstructorShortcut$1	/home/nima/Developer/nullness-benchmarks/mockito/src/main/java/org/mockito/internal/creation/bytebuddy/MockMethodAdvice.java
org.mockito.internal.creation.bytebuddy.MockMethodAdvice$Identifier	/home/nima/Developer/nullness-benchmarks/mockito/src/main/java/org/mockito/internal/creation/bytebuddy/MockMethodAdvice.java
org.mockito.internal.creation.bytebuddy.MockMethodAdvice$ForHashCode	/home/nima/Developer/nullness-benchmarks/mockito/src/main/java/org/mockito/internal/creation/bytebuddy/MockMethodAdvice.java
org.mockito.internal.creation.bytebuddy.MockMethodAdvice$ForEquals	/home/nima/Developer/nullness-benchmarks/mockito/src/main/java/org/mockito/internal/creation/bytebuddy/MockMethodAdvice.java
org.mockito.internal.creation.bytebuddy.MockMethodAdvice$ForStatic	/home/nima/Developer/nullness-benchmarks/mockito/src/main/java/org/mockito/internal/creation/bytebuddy/MockMethodAdvice.java
org.mockito.internal.creation.bytebuddy.MockMethodAdvice$ForReadObject	/home/nima/Developer/nullness-benchmarks/mockito/src/main/java/org/mockito/internal/creation/bytebuddy/MockMethodAdvice.java
org.mockito.internal.invocation.mockref.MockWeakReference	/home/nima/Developer/nullness-benchmarks/mockito/src/main/java/org/mockito/internal/invocation/mockref/MockWeakReference.java
org.mockito.internal.invocation.SerializableMethod	/home/nima/Developer/nullness-benchmarks/mockito/src/main/java/org/mockito/internal/invocation/SerializableMethod.java
org.mockito.internal.creation.bytebuddy.SubclassByteBuddyMockMaker	/home/nima/Developer/nullness-benchmarks/mockito/src/main/java/org/mockito/internal/creation/bytebuddy/SubclassByteBuddyMockMaker.java
org.mockito.internal.creation.bytebuddy.SubclassByteBuddyMockMaker$1	/home/nima/Developer/nullness-benchmarks/mockito/src/main/java/org/mockito/internal/creation/bytebuddy/SubclassByteBuddyMockMaker.java
org.mockito.internal.creation.instance.ConstructorInstantiator	/home/nima/Developer/nullness-benchmarks/mockito/src/main/java/org/mockito/internal/creation/instance/ConstructorInstantiator.java
org.mockito.internal.creation.instance.ObjenesisInstantiator	/home/nima/Developer/nullness-benchmarks/mockito/src/main/java/org/mockito/internal/creation/instance/ObjenesisInstantiator.java
org.mockito.internal.creation.instance.InstantiatorProvider2Adapter	/home/nima/Developer/nullness-benchmarks/mockito/src/main/java/org/mockito/internal/creation/instance/InstantiatorProvider2Adapter.java
org.mockito.internal.creation.instance.InstantiatorProvider2Adapter$1	/home/nima/Developer/nullness-benchmarks/mockito/src/main/java/org/mockito/internal/creation/instance/InstantiatorProvider2Adapter.java
org.mockito.plugins.InstantiatorProvider	/home/nima/Developer/nullness-benchmarks/mockito/src/main/java/org/mockito/plugins/InstantiatorProvider.java
org.mockito.plugins.InstantiatorProvider2	/home/nima/Developer/nullness-benchmarks/mockito/src/main/java/org/mockito/plugins/InstantiatorProvider2.java
org.mockito.internal.creation.instance.Instantiator	/home/nima/Developer/nullness-benchmarks/mockito/src/main/java/org/mockito/internal/creation/instance/Instantiator.java
org.mockito.internal.creation.instance.InstantiationException	/home/nima/Developer/nullness-benchmarks/mockito/src/main/java/org/mockito/internal/creation/instance/InstantiationException.java
org.mockito.internal.creation.instance.DefaultInstantiatorProvider	/home/nima/Developer/nullness-benchmarks/mockito/src/main/java/org/mockito/internal/creation/instance/DefaultInstantiatorProvider.java
org.mockito.internal.creation.instance.InstantiatorProviderAdapter	/home/nima/Developer/nullness-benchmarks/mockito/src/main/java/org/mockito/internal/creation/instance/InstantiatorProviderAdapter.java
org.mockito.internal.creation.instance.InstantiatorProviderAdapter$1	/home/nima/Developer/nullness-benchmarks/mockito/src/main/java/org/mockito/internal/creation/instance/InstantiatorProviderAdapter.java
org.mockito.internal.InOrderImpl	/home/nima/Developer/nullness-benchmarks/mockito/src/main/java/org/mockito/internal/InOrderImpl.java
org.mockito.internal.junit.UniversalTestListener	/home/nima/Developer/nullness-benchmarks/mockito/src/main/java/org/mockito/internal/junit/UniversalTestListener.java
org.mockito.internal.junit.MockitoTestListener	/home/nima/Developer/nullness-benchmarks/mockito/src/main/java/org/mockito/internal/junit/MockitoTestListener.java
org.mockito.internal.junit.DefaultStubbingLookupListener	/home/nima/Developer/nullness-benchmarks/mockito/src/main/java/org/mockito/internal/junit/DefaultStubbingLookupListener.java
org.mockito.internal.junit.TestFinishedEvent	/home/nima/Developer/nullness-benchmarks/mockito/src/main/java/org/mockito/internal/junit/TestFinishedEvent.java
org.mockito.internal.junit.StubbingHint	/home/nima/Developer/nullness-benchmarks/mockito/src/main/java/org/mockito/internal/junit/StubbingHint.java
org.mockito.internal.junit.NoOpTestListener	/home/nima/Developer/nullness-benchmarks/mockito/src/main/java/org/mockito/internal/junit/NoOpTestListener.java
org.mockito.internal.junit.StrictStubsRunnerTestListener	/home/nima/Developer/nullness-benchmarks/mockito/src/main/java/org/mockito/internal/junit/StrictStubsRunnerTestListener.java
org.mockito.internal.junit.UnusedStubbingsFinder	/home/nima/Developer/nullness-benchmarks/mockito/src/main/java/org/mockito/internal/junit/UnusedStubbingsFinder.java
org.mockito.internal.junit.UnusedStubbingsFinder$1	/home/nima/Developer/nullness-benchmarks/mockito/src/main/java/org/mockito/internal/junit/UnusedStubbingsFinder.java
org.mockito.internal.junit.UnusedStubbings	/home/nima/Developer/nullness-benchmarks/mockito/src/main/java/org/mockito/internal/junit/UnusedStubbings.java
org.mockito.internal.junit.VerificationCollectorImpl	/home/nima/Developer/nullness-benchmarks/mockito/src/main/java/org/mockito/internal/junit/VerificationCollectorImpl.java
org.mockito.internal.junit.VerificationCollectorImpl$1	/home/nima/Developer/nullness-benchmarks/mockito/src/main/java/org/mockito/internal/junit/VerificationCollectorImpl.java
org.mockito.internal.junit.VerificationCollectorImpl$2	/home/nima/Developer/nullness-benchmarks/mockito/src/main/java/org/mockito/internal/junit/VerificationCollectorImpl.java
org.mockito.internal.junit.VerificationCollectorImpl$VerificationWrapper	/home/nima/Developer/nullness-benchmarks/mockito/src/main/java/org/mockito/internal/junit/VerificationCollectorImpl.java
org.mockito.internal.junit.util.JUnitFailureHacker	/home/nima/Developer/nullness-benchmarks/mockito/src/main/java/org/mockito/internal/junit/util/JUnitFailureHacker.java
org.mockito.internal.junit.JUnitTestRule	/home/nima/Developer/nullness-benchmarks/mockito/src/main/java/org/mockito/internal/junit/JUnitTestRule.java
org.mockito.internal.junit.JUnitSessionStore	/home/nima/Developer/nullness-benchmarks/mockito/src/main/java/org/mockito/internal/junit/JUnitSessionStore.java
org.mockito.internal.junit.JUnitSessionStore$1	/home/nima/Developer/nullness-benchmarks/mockito/src/main/java/org/mockito/internal/junit/JUnitSessionStore.java
org.mockito.internal.junit.JUnitRule	/home/nima/Developer/nullness-benchmarks/mockito/src/main/java/org/mockito/internal/junit/JUnitRule.java
org.mockito.internal.junit.UnnecessaryStubbingsReporter	/home/nima/Developer/nullness-benchmarks/mockito/src/main/java/org/mockito/internal/junit/UnnecessaryStubbingsReporter.java
org.mockito.internal.junit.StubbingArgMismatches	/home/nima/Developer/nullness-benchmarks/mockito/src/main/java/org/mockito/internal/junit/StubbingArgMismatches.java
org.mockito.internal.junit.ExceptionFactory	/home/nima/Developer/nullness-benchmarks/mockito/src/main/java/org/mockito/internal/junit/ExceptionFactory.java
org.mockito.internal.junit.ExceptionFactory$ExceptionFactoryImpl	/home/nima/Developer/nullness-benchmarks/mockito/src/main/java/org/mockito/internal/junit/ExceptionFactory.java
org.mockito.internal.junit.ArgMismatchFinder	/home/nima/Developer/nullness-benchmarks/mockito/src/main/java/org/mockito/internal/junit/ArgMismatchFinder.java
org.mockito.internal.junit.DefaultTestFinishedEvent	/home/nima/Developer/nullness-benchmarks/mockito/src/main/java/org/mockito/internal/junit/DefaultTestFinishedEvent.java
org.mockito.internal.junit.MismatchReportingTestListener	/home/nima/Developer/nullness-benchmarks/mockito/src/main/java/org/mockito/internal/junit/MismatchReportingTestListener.java
org.mockito.internal.invocation.mockref.MockStrongReference	/home/nima/Developer/nullness-benchmarks/mockito/src/main/java/org/mockito/internal/invocation/mockref/MockStrongReference.java
org.mockito.internal.invocation.finder.VerifiableInvocationsFinder	/home/nima/Developer/nullness-benchmarks/mockito/src/main/java/org/mockito/internal/invocation/finder/VerifiableInvocationsFinder.java
org.mockito.internal.invocation.finder.VerifiableInvocationsFinder$RemoveIgnoredForVerification	/home/nima/Developer/nullness-benchmarks/mockito/src/main/java/org/mockito/internal/invocation/finder/VerifiableInvocationsFinder.java
org.mockito.internal.invocation.finder.AllInvocationsFinder	/home/nima/Developer/nullness-benchmarks/mockito/src/main/java/org/mockito/internal/invocation/finder/AllInvocationsFinder.java
org.mockito.internal.invocation.UnusedStubsFinder	/home/nima/Developer/nullness-benchmarks/mockito/src/main/java/org/mockito/internal/invocation/UnusedStubsFinder.java
org.mockito.internal.invocation.MatchersBinder	/home/nima/Developer/nullness-benchmarks/mockito/src/main/java/org/mockito/internal/invocation/MatchersBinder.java
org.mockito.internal.invocation.StubInfoImpl	/home/nima/Developer/nullness-benchmarks/mockito/src/main/java/org/mockito/internal/invocation/StubInfoImpl.java
org.mockito.internal.matchers.InstanceOf	/home/nima/Developer/nullness-benchmarks/mockito/src/main/java/org/mockito/internal/matchers/InstanceOf.java
org.mockito.internal.matchers.InstanceOf$VarArgAware	/home/nima/Developer/nullness-benchmarks/mockito/src/main/java/org/mockito/internal/matchers/InstanceOf.java
org.mockito.internal.matchers.Or	/home/nima/Developer/nullness-benchmarks/mockito/src/main/java/org/mockito/internal/matchers/Or.java
org.mockito.internal.matchers.CompareTo	/home/nima/Developer/nullness-benchmarks/mockito/src/main/java/org/mockito/internal/matchers/CompareTo.java
org.mockito.internal.matchers.NotNull	/home/nima/Developer/nullness-benchmarks/mockito/src/main/java/org/mockito/internal/matchers/NotNull.java
org.mockito.internal.matchers.Contains	/home/nima/Developer/nullness-benchmarks/mockito/src/main/java/org/mockito/internal/matchers/Contains.java
org.mockito.internal.matchers.Same	/home/nima/Developer/nullness-benchmarks/mockito/src/main/java/org/mockito/internal/matchers/Same.java
org.mockito.internal.matchers.Equality	/home/nima/Developer/nullness-benchmarks/mockito/src/main/java/org/mockito/internal/matchers/Equality.java
org.mockito.internal.matchers.EndsWith	/home/nima/Developer/nullness-benchmarks/mockito/src/main/java/org/mockito/internal/matchers/EndsWith.java
org.mockito.internal.matchers.And	/home/nima/Developer/nullness-benchmarks/mockito/src/main/java/org/mockito/internal/matchers/And.java
org.mockito.internal.matchers.apachecommons.EqualsBuilder	/home/nima/Developer/nullness-benchmarks/mockito/src/main/java/org/mockito/internal/matchers/apachecommons/EqualsBuilder.java
org.mockito.internal.matchers.apachecommons.ReflectionEquals	/home/nima/Developer/nullness-benchmarks/mockito/src/main/java/org/mockito/internal/matchers/apachecommons/ReflectionEquals.java
org.mockito.internal.matchers.Equals	/home/nima/Developer/nullness-benchmarks/mockito/src/main/java/org/mockito/internal/matchers/Equals.java
org.mockito.internal.matchers.ContainsExtraTypeInfo	/home/nima/Developer/nullness-benchmarks/mockito/src/main/java/org/mockito/internal/matchers/ContainsExtraTypeInfo.java
org.mockito.internal.matchers.Find	/home/nima/Developer/nullness-benchmarks/mockito/src/main/java/org/mockito/internal/matchers/Find.java
org.mockito.internal.matchers.Matches	/home/nima/Developer/nullness-benchmarks/mockito/src/main/java/org/mockito/internal/matchers/Matches.java
org.mockito.internal.matchers.StartsWith	/home/nima/Developer/nullness-benchmarks/mockito/src/main/java/org/mockito/internal/matchers/StartsWith.java
org.mockito.internal.matchers.CompareEqual	/home/nima/Developer/nullness-benchmarks/mockito/src/main/java/org/mockito/internal/matchers/CompareEqual.java
org.mockito.internal.matchers.Not	/home/nima/Developer/nullness-benchmarks/mockito/src/main/java/org/mockito/internal/matchers/Not.java
org.mockito.internal.matchers.GreaterThan	/home/nima/Developer/nullness-benchmarks/mockito/src/main/java/org/mockito/internal/matchers/GreaterThan.java
org.mockito.internal.matchers.LessOrEqual	/home/nima/Developer/nullness-benchmarks/mockito/src/main/java/org/mockito/internal/matchers/LessOrEqual.java
org.mockito.internal.matchers.text.FormattedText	/home/nima/Developer/nullness-benchmarks/mockito/src/main/java/org/mockito/internal/matchers/text/FormattedText.java
org.mockito.internal.matchers.text.MatcherToString	/home/nima/Developer/nullness-benchmarks/mockito/src/main/java/org/mockito/internal/matchers/text/MatcherToString.java
org.mockito.internal.matchers.text.ValuePrinter	/home/nima/Developer/nullness-benchmarks/mockito/src/main/java/org/mockito/internal/matchers/text/ValuePrinter.java
org.mockito.internal.matchers.text.ValuePrinter$1	/home/nima/Developer/nullness-benchmarks/mockito/src/main/java/org/mockito/internal/matchers/text/ValuePrinter.java
org.mockito.internal.matchers.text.MatchersPrinter	/home/nima/Developer/nullness-benchmarks/mockito/src/main/java/org/mockito/internal/matchers/text/MatchersPrinter.java
org.mockito.internal.reporting.PrintSettings	/home/nima/Developer/nullness-benchmarks/mockito/src/main/java/org/mockito/internal/reporting/PrintSettings.java
org.mockito.internal.matchers.ArrayEquals	/home/nima/Developer/nullness-benchmarks/mockito/src/main/java/org/mockito/internal/matchers/ArrayEquals.java
org.mockito.internal.matchers.Null	/home/nima/Developer/nullness-benchmarks/mockito/src/main/java/org/mockito/internal/matchers/Null.java
org.mockito.internal.matchers.EqualsWithDelta	/home/nima/Developer/nullness-benchmarks/mockito/src/main/java/org/mockito/internal/matchers/EqualsWithDelta.java
org.mockito.internal.matchers.GreaterOrEqual	/home/nima/Developer/nullness-benchmarks/mockito/src/main/java/org/mockito/internal/matchers/GreaterOrEqual.java
org.mockito.internal.matchers.Any	/home/nima/Developer/nullness-benchmarks/mockito/src/main/java/org/mockito/internal/matchers/Any.java
org.mockito.internal.matchers.LessThan	/home/nima/Developer/nullness-benchmarks/mockito/src/main/java/org/mockito/internal/matchers/LessThan.java
org.mockito.internal.verification.VerificationWrapperInOrderWrapper	/home/nima/Developer/nullness-benchmarks/mockito/src/main/java/org/mockito/internal/verification/VerificationWrapperInOrderWrapper.java
org.mockito.internal.verification.api.VerificationDataInOrderImpl	/home/nima/Developer/nullness-benchmarks/mockito/src/main/java/org/mockito/internal/verification/api/VerificationDataInOrderImpl.java
org.mockito.internal.verification.Description	/home/nima/Developer/nullness-benchmarks/mockito/src/main/java/org/mockito/internal/verification/Description.java
org.mockito.internal.verification.MockAwareVerificationMode	/home/nima/Developer/nullness-benchmarks/mockito/src/main/java/org/mockito/internal/verification/MockAwareVerificationMode.java
org.mockito.internal.verification.AtMost	/home/nima/Developer/nullness-benchmarks/mockito/src/main/java/org/mockito/internal/verification/AtMost.java
org.mockito.internal.verification.checkers.AtLeastXNumberOfInvocationsChecker	/home/nima/Developer/nullness-benchmarks/mockito/src/main/java/org/mockito/internal/verification/checkers/AtLeastXNumberOfInvocationsChecker.java
org.mockito.internal.verification.AtLeast	/home/nima/Developer/nullness-benchmarks/mockito/src/main/java/org/mockito/internal/verification/AtLeast.java
org.mockito.internal.verification.SingleRegisteredInvocation	/home/nima/Developer/nullness-benchmarks/mockito/src/main/java/org/mockito/internal/verification/SingleRegisteredInvocation.java
org.mockito.internal.verification.Only	/home/nima/Developer/nullness-benchmarks/mockito/src/main/java/org/mockito/internal/verification/Only.java
org.mockito.internal.verification.VerificationDataImpl	/home/nima/Developer/nullness-benchmarks/mockito/src/main/java/org/mockito/internal/verification/VerificationDataImpl.java
org.mockito.internal.verification.InOrderWrapper	/home/nima/Developer/nullness-benchmarks/mockito/src/main/java/org/mockito/internal/verification/InOrderWrapper.java
org.mockito.internal.verification.InOrderContextImpl	/home/nima/Developer/nullness-benchmarks/mockito/src/main/java/org/mockito/internal/verification/InOrderContextImpl.java
org.mockito.internal.util.collections.IdentitySet	/home/nima/Developer/nullness-benchmarks/mockito/src/main/java/org/mockito/internal/util/collections/IdentitySet.java
org.mockito.internal.verification.checkers.AtLeastDiscrepancy	/home/nima/Developer/nullness-benchmarks/mockito/src/main/java/org/mockito/internal/verification/checkers/AtLeastDiscrepancy.java
org.mockito.internal.verification.DefaultRegisteredInvocations	/home/nima/Developer/nullness-benchmarks/mockito/src/main/java/org/mockito/internal/verification/DefaultRegisteredInvocations.java
org.mockito.internal.verification.DefaultRegisteredInvocations$RemoveToString	/home/nima/Developer/nullness-benchmarks/mockito/src/main/java/org/mockito/internal/verification/DefaultRegisteredInvocations.java
org.mockito.internal.verification.VerificationEventImpl	/home/nima/Developer/nullness-benchmarks/mockito/src/main/java/org/mockito/internal/verification/VerificationEventImpl.java
org.mockito.internal.hamcrest.HamcrestArgumentMatcher	/home/nima/Developer/nullness-benchmarks/mockito/src/main/java/org/mockito/internal/hamcrest/HamcrestArgumentMatcher.java
org.mockito.internal.configuration.InjectingAnnotationEngine	/home/nima/Developer/nullness-benchmarks/mockito/src/main/java/org/mockito/internal/configuration/InjectingAnnotationEngine.java
org.mockito.internal.configuration.DefaultInjectionEngine	/home/nima/Developer/nullness-benchmarks/mockito/src/main/java/org/mockito/internal/configuration/DefaultInjectionEngine.java
org.mockito.internal.configuration.ClassPathLoader	/home/nima/Developer/nullness-benchmarks/mockito/src/main/java/org/mockito/internal/configuration/ClassPathLoader.java
org.mockito.internal.configuration.injection.scanner.MockScanner	/home/nima/Developer/nullness-benchmarks/mockito/src/main/java/org/mockito/internal/configuration/injection/scanner/MockScanner.java
org.mockito.internal.configuration.injection.scanner.InjectMocksScanner	/home/nima/Developer/nullness-benchmarks/mockito/src/main/java/org/mockito/internal/configuration/injection/scanner/InjectMocksScanner.java
org.mockito.internal.configuration.injection.MockInjectionStrategy	/home/nima/Developer/nullness-benchmarks/mockito/src/main/java/org/mockito/internal/configuration/injection/MockInjectionStrategy.java
org.mockito.internal.configuration.injection.MockInjectionStrategy$1	/home/nima/Developer/nullness-benchmarks/mockito/src/main/java/org/mockito/internal/configuration/injection/MockInjectionStrategy.java
org.mockito.internal.util.reflection.SuperTypesLastSorter	/home/nima/Developer/nullness-benchmarks/mockito/src/main/java/org/mockito/internal/util/reflection/SuperTypesLastSorter.java
org.mockito.internal.util.reflection.SuperTypesLastSorter$1	/home/nima/Developer/nullness-benchmarks/mockito/src/main/java/org/mockito/internal/util/reflection/SuperTypesLastSorter.java
org.mockito.internal.configuration.injection.PropertyAndSetterInjection	/home/nima/Developer/nullness-benchmarks/mockito/src/main/java/org/mockito/internal/configuration/injection/PropertyAndSetterInjection.java
org.mockito.internal.configuration.injection.PropertyAndSetterInjection$1	/home/nima/Developer/nullness-benchmarks/mockito/src/main/java/org/mockito/internal/configuration/injection/PropertyAndSetterInjection.java
org.mockito.internal.configuration.injection.filter.MockCandidateFilter	/home/nima/Developer/nullness-benchmarks/mockito/src/main/java/org/mockito/internal/configuration/injection/filter/MockCandidateFilter.java
org.mockito.internal.util.reflection.FieldInitializationReport	/home/nima/Developer/nullness-benchmarks/mockito/src/main/java/org/mockito/internal/util/reflection/FieldInitializationReport.java
org.mockito.internal.configuration.injection.filter.OngoingInjector	/home/nima/Developer/nullness-benchmarks/mockito/src/main/java/org/mockito/internal/configuration/injection/filter/OngoingInjector.java
org.mockito.internal.configuration.injection.filter.OngoingInjector$1	/home/nima/Developer/nullness-benchmarks/mockito/src/main/java/org/mockito/internal/configuration/injection/filter/OngoingInjector.java
org.mockito.internal.util.Checks	/home/nima/Developer/nullness-benchmarks/mockito/src/main/java/org/mockito/internal/util/Checks.java
org.mockito.internal.configuration.injection.MockInjection	/home/nima/Developer/nullness-benchmarks/mockito/src/main/java/org/mockito/internal/configuration/injection/MockInjection.java
org.mockito.internal.configuration.injection.MockInjection$OngoingMockInjection	/home/nima/Developer/nullness-benchmarks/mockito/src/main/java/org/mockito/internal/configuration/injection/MockInjection.java
org.mockito.internal.util.reflection.FieldInitializer	/home/nima/Developer/nullness-benchmarks/mockito/src/main/java/org/mockito/internal/util/reflection/FieldInitializer.java
org.mockito.internal.util.reflection.FieldInitializer$ConstructorArgumentResolver	/home/nima/Developer/nullness-benchmarks/mockito/src/main/java/org/mockito/internal/util/reflection/FieldInitializer.java
org.mockito.internal.util.reflection.FieldInitializer$ConstructorInstantiator	/home/nima/Developer/nullness-benchmarks/mockito/src/main/java/org/mockito/internal/util/reflection/FieldInitializer.java
org.mockito.internal.util.reflection.FieldInitializer$NoArgConstructorInstantiator	/home/nima/Developer/nullness-benchmarks/mockito/src/main/java/org/mockito/internal/util/reflection/FieldInitializer.java
org.mockito.internal.util.reflection.FieldInitializer$ParameterizedConstructorInstantiator	/home/nima/Developer/nullness-benchmarks/mockito/src/main/java/org/mockito/internal/util/reflection/FieldInitializer.java
org.mockito.internal.util.reflection.FieldInitializer$ParameterizedConstructorInstantiator$1	/home/nima/Developer/nullness-benchmarks/mockito/src/main/java/org/mockito/internal/util/reflection/FieldInitializer.java
org.mockito.internal.configuration.injection.ConstructorInjection	/home/nima/Developer/nullness-benchmarks/mockito/src/main/java/org/mockito/internal/configuration/injection/ConstructorInjection.java
org.mockito.internal.configuration.injection.ConstructorInjection$SimpleArgumentResolver	/home/nima/Developer/nullness-benchmarks/mockito/src/main/java/org/mockito/internal/configuration/injection/ConstructorInjection.java
org.mockito.internal.configuration.injection.SpyOnInjectedFieldsHandler	/home/nima/Developer/nullness-benchmarks/mockito/src/main/java/org/mockito/internal/configuration/injection/SpyOnInjectedFieldsHandler.java
org.mockito.plugins.MemberAccessor	/home/nima/Developer/nullness-benchmarks/mockito/src/main/java/org/mockito/plugins/MemberAccessor.java
org.mockito.internal.configuration.injection.filter.TerminalMockCandidateFilter	/home/nima/Developer/nullness-benchmarks/mockito/src/main/java/org/mockito/internal/configuration/injection/filter/TerminalMockCandidateFilter.java
org.mockito.internal.configuration.injection.filter.NameBasedCandidateFilter	/home/nima/Developer/nullness-benchmarks/mockito/src/main/java/org/mockito/internal/configuration/injection/filter/NameBasedCandidateFilter.java
org.mockito.internal.configuration.injection.filter.TypeBasedCandidateFilter	/home/nima/Developer/nullness-benchmarks/mockito/src/main/java/org/mockito/internal/configuration/injection/filter/TypeBasedCandidateFilter.java
org.mockito.internal.configuration.IndependentAnnotationEngine	/home/nima/Developer/nullness-benchmarks/mockito/src/main/java/org/mockito/internal/configuration/IndependentAnnotationEngine.java
org.mockito.internal.configuration.IndependentAnnotationEngine$1	/home/nima/Developer/nullness-benchmarks/mockito/src/main/java/org/mockito/internal/configuration/IndependentAnnotationEngine.java
org.mockito.internal.configuration.FieldAnnotationProcessor	/home/nima/Developer/nullness-benchmarks/mockito/src/main/java/org/mockito/internal/configuration/FieldAnnotationProcessor.java
org.mockito.internal.configuration.SpyAnnotationEngine	/home/nima/Developer/nullness-benchmarks/mockito/src/main/java/org/mockito/internal/configuration/SpyAnnotationEngine.java
org.mockito.internal.configuration.MockAnnotationProcessor	/home/nima/Developer/nullness-benchmarks/mockito/src/main/java/org/mockito/internal/configuration/MockAnnotationProcessor.java
org.mockito.Mock	/home/nima/Developer/nullness-benchmarks/mockito/src/main/java/org/mockito/Mock.java
org.mockito.internal.util.Supplier	/home/nima/Developer/nullness-benchmarks/mockito/src/main/java/org/mockito/internal/util/Supplier.java
org.mockito.internal.configuration.plugins.PluginLoader	/home/nima/Developer/nullness-benchmarks/mockito/src/main/java/org/mockito/internal/configuration/plugins/PluginLoader.java
org.mockito.internal.configuration.plugins.PluginLoader$1	/home/nima/Developer/nullness-benchmarks/mockito/src/main/java/org/mockito/internal/configuration/plugins/PluginLoader.java
org.mockito.internal.configuration.plugins.DefaultMockitoPlugins	/home/nima/Developer/nullness-benchmarks/mockito/src/main/java/org/mockito/internal/configuration/plugins/DefaultMockitoPlugins.java
org.mockito.internal.configuration.plugins.PluginInitializer	/home/nima/Developer/nullness-benchmarks/mockito/src/main/java/org/mockito/internal/configuration/plugins/PluginInitializer.java
org.mockito.plugins.PluginSwitch	/home/nima/Developer/nullness-benchmarks/mockito/src/main/java/org/mockito/plugins/PluginSwitch.java
org.mockito.internal.configuration.plugins.PluginRegistry	/home/nima/Developer/nullness-benchmarks/mockito/src/main/java/org/mockito/internal/configuration/plugins/PluginRegistry.java
org.mockito.plugins.StackTraceCleanerProvider	/home/nima/Developer/nullness-benchmarks/mockito/src/main/java/org/mockito/plugins/StackTraceCleanerProvider.java
org.mockito.internal.configuration.plugins.PluginFinder	/home/nima/Developer/nullness-benchmarks/mockito/src/main/java/org/mockito/internal/configuration/plugins/PluginFinder.java
org.mockito.internal.configuration.plugins.PluginFileReader	/home/nima/Developer/nullness-benchmarks/mockito/src/main/java/org/mockito/internal/configuration/plugins/PluginFileReader.java
org.mockito.internal.configuration.plugins.DefaultPluginSwitch	/home/nima/Developer/nullness-benchmarks/mockito/src/main/java/org/mockito/internal/configuration/plugins/DefaultPluginSwitch.java
org.mockito.internal.configuration.plugins.Plugins	/home/nima/Developer/nullness-benchmarks/mockito/src/main/java/org/mockito/internal/configuration/plugins/Plugins.java
org.mockito.internal.configuration.GlobalConfiguration	/home/nima/Developer/nullness-benchmarks/mockito/src/main/java/org/mockito/internal/configuration/GlobalConfiguration.java
org.mockito.internal.configuration.CaptorAnnotationProcessor	/home/nima/Developer/nullness-benchmarks/mockito/src/main/java/org/mockito/internal/configuration/CaptorAnnotationProcessor.java
org.mockito.Captor	/home/nima/Developer/nullness-benchmarks/mockito/src/main/java/org/mockito/Captor.java
org.mockito.internal.util.MockNameImpl	/home/nima/Developer/nullness-benchmarks/mockito/src/main/java/org/mockito/internal/util/MockNameImpl.java
org.mockito.internal.util.io.IOUtil	/home/nima/Developer/nullness-benchmarks/mockito/src/main/java/org/mockito/internal/util/io/IOUtil.java
org.mockito.internal.util.MockCreationValidator	/home/nima/Developer/nullness-benchmarks/mockito/src/main/java/org/mockito/internal/util/MockCreationValidator.java
org.mockito.internal.util.DefaultMockingDetails	/home/nima/Developer/nullness-benchmarks/mockito/src/main/java/org/mockito/internal/util/DefaultMockingDetails.java
org.mockito.internal.util.JavaEightUtil	/home/nima/Developer/nullness-benchmarks/mockito/src/main/java/org/mockito/internal/util/JavaEightUtil.java
org.mockito.internal.util.collections.HashCodeAndEqualsMockWrapper	/home/nima/Developer/nullness-benchmarks/mockito/src/main/java/org/mockito/internal/util/collections/HashCodeAndEqualsMockWrapper.java
org.mockito.internal.util.collections.Iterables	/home/nima/Developer/nullness-benchmarks/mockito/src/main/java/org/mockito/internal/util/collections/Iterables.java
org.mockito.internal.util.collections.HashCodeAndEqualsSafeSet	/home/nima/Developer/nullness-benchmarks/mockito/src/main/java/org/mockito/internal/util/collections/HashCodeAndEqualsSafeSet.java
org.mockito.internal.util.collections.HashCodeAndEqualsSafeSet$1	/home/nima/Developer/nullness-benchmarks/mockito/src/main/java/org/mockito/internal/util/collections/HashCodeAndEqualsSafeSet.java
org.mockito.internal.util.ConsoleMockitoLogger	/home/nima/Developer/nullness-benchmarks/mockito/src/main/java/org/mockito/internal/util/ConsoleMockitoLogger.java
org.mockito.internal.util.reflection.FieldReader	/home/nima/Developer/nullness-benchmarks/mockito/src/main/java/org/mockito/internal/util/reflection/FieldReader.java
org.mockito.internal.util.reflection.ModuleMemberAccessor	/home/nima/Developer/nullness-benchmarks/mockito/src/main/java/org/mockito/internal/util/reflection/ModuleMemberAccessor.java
org.mockito.internal.util.reflection.LenientCopyTool	/home/nima/Developer/nullness-benchmarks/mockito/src/main/java/org/mockito/internal/util/reflection/LenientCopyTool.java
org.mockito.internal.util.reflection.InstanceField	/home/nima/Developer/nullness-benchmarks/mockito/src/main/java/org/mockito/internal/util/reflection/InstanceField.java
org.mockito.internal.util.reflection.InstrumentationMemberAccessor	/home/nima/Developer/nullness-benchmarks/mockito/src/main/java/org/mockito/internal/util/reflection/InstrumentationMemberAccessor.java
org.mockito.internal.util.reflection.InstrumentationMemberAccessor$Dispatcher	/home/nima/Developer/nullness-benchmarks/mockito/src/main/java/org/mockito/internal/util/reflection/InstrumentationMemberAccessor.java
org.mockito.internal.util.reflection.GenericMaster	/home/nima/Developer/nullness-benchmarks/mockito/src/main/java/org/mockito/internal/util/reflection/GenericMaster.java
org.mockito.internal.util.reflection.Fields	/home/nima/Developer/nullness-benchmarks/mockito/src/main/java/org/mockito/internal/util/reflection/Fields.java
org.mockito.internal.util.reflection.Fields$1	/home/nima/Developer/nullness-benchmarks/mockito/src/main/java/org/mockito/internal/util/reflection/Fields.java
org.mockito.internal.util.reflection.Fields$2	/home/nima/Developer/nullness-benchmarks/mockito/src/main/java/org/mockito/internal/util/reflection/Fields.java
org.mockito.internal.util.reflection.Fields$3	/home/nima/Developer/nullness-benchmarks/mockito/src/main/java/org/mockito/internal/util/reflection/Fields.java
org.mockito.internal.util.reflection.Fields$InstanceFields	/home/nima/Developer/nullness-benchmarks/mockito/src/main/java/org/mockito/internal/util/reflection/Fields.java
org.mockito.internal.util.reflection.ReflectionMemberAccessor	/home/nima/Developer/nullness-benchmarks/mockito/src/main/java/org/mockito/internal/util/reflection/ReflectionMemberAccessor.java
org.mockito.internal.util.reflection.BeanPropertySetter	/home/nima/Developer/nullness-benchmarks/mockito/src/main/java/org/mockito/internal/util/reflection/BeanPropertySetter.java
org.mockito.internal.util.Platform	/home/nima/Developer/nullness-benchmarks/mockito/src/main/java/org/mockito/internal/util/Platform.java
org.mockito.internal.debugging.Localized	/home/nima/Developer/nullness-benchmarks/mockito/src/main/java/org/mockito/internal/debugging/Localized.java
org.mockito.internal.debugging.WarningsPrinterImpl	/home/nima/Developer/nullness-benchmarks/mockito/src/main/java/org/mockito/internal/debugging/WarningsPrinterImpl.java
org.mockito.internal.debugging.WarningsFinder	/home/nima/Developer/nullness-benchmarks/mockito/src/main/java/org/mockito/internal/debugging/WarningsFinder.java
org.mockito.internal.debugging.FindingsListener	/home/nima/Developer/nullness-benchmarks/mockito/src/main/java/org/mockito/internal/debugging/FindingsListener.java
org.mockito.internal.debugging.WarningsCollector	/home/nima/Developer/nullness-benchmarks/mockito/src/main/java/org/mockito/internal/debugging/WarningsCollector.java
org.mockito.internal.debugging.VerboseMockInvocationLogger	/home/nima/Developer/nullness-benchmarks/mockito/src/main/java/org/mockito/internal/debugging/VerboseMockInvocationLogger.java
org.mockito.internal.debugging.InvocationsPrinter	/home/nima/Developer/nullness-benchmarks/mockito/src/main/java/org/mockito/internal/debugging/InvocationsPrinter.java
org.mockito.internal.debugging.InvocationsPrinter$1	/home/nima/Developer/nullness-benchmarks/mockito/src/main/java/org/mockito/internal/debugging/InvocationsPrinter.java
org.mockito.internal.debugging.LoggingListener	/home/nima/Developer/nullness-benchmarks/mockito/src/main/java/org/mockito/internal/debugging/LoggingListener.java
org.mockito.internal.debugging.MockitoDebuggerImpl	/home/nima/Developer/nullness-benchmarks/mockito/src/main/java/org/mockito/internal/debugging/MockitoDebuggerImpl.java
org.mockito.internal.debugging.LocationImpl	/home/nima/Developer/nullness-benchmarks/mockito/src/main/java/org/mockito/internal/debugging/LocationImpl.java
org.mockito.internal.MockedConstructionImpl	/home/nima/Developer/nullness-benchmarks/mockito/src/main/java/org/mockito/internal/MockedConstructionImpl.java
org.mockito.internal.runners.DefaultInternalRunner	/home/nima/Developer/nullness-benchmarks/mockito/src/main/java/org/mockito/internal/runners/DefaultInternalRunner.java
org.mockito.internal.runners.DefaultInternalRunner$1	/home/nima/Developer/nullness-benchmarks/mockito/src/main/java/org/mockito/internal/runners/DefaultInternalRunner.java
org.mockito.internal.runners.DefaultInternalRunner$1$1	/home/nima/Developer/nullness-benchmarks/mockito/src/main/java/org/mockito/internal/runners/DefaultInternalRunner.java
org.mockito.internal.runners.DefaultInternalRunner$1$2	/home/nima/Developer/nullness-benchmarks/mockito/src/main/java/org/mockito/internal/runners/DefaultInternalRunner.java
org.mockito.internal.runners.StrictRunner	/home/nima/Developer/nullness-benchmarks/mockito/src/main/java/org/mockito/internal/runners/StrictRunner.java
org.mockito.internal.runners.util.TestMethodsFinder	/home/nima/Developer/nullness-benchmarks/mockito/src/main/java/org/mockito/internal/runners/util/TestMethodsFinder.java
org.mockito.internal.runners.RunnerFactory	/home/nima/Developer/nullness-benchmarks/mockito/src/main/java/org/mockito/internal/runners/RunnerFactory.java
org.mockito.internal.runners.RunnerFactory$1	/home/nima/Developer/nullness-benchmarks/mockito/src/main/java/org/mockito/internal/runners/RunnerFactory.java
org.mockito.internal.runners.RunnerFactory$2	/home/nima/Developer/nullness-benchmarks/mockito/src/main/java/org/mockito/internal/runners/RunnerFactory.java
org.mockito.internal.runners.RunnerFactory$3	/home/nima/Developer/nullness-benchmarks/mockito/src/main/java/org/mockito/internal/runners/RunnerFactory.java
org.mockito.internal.runners.util.RunnerProvider	/home/nima/Developer/nullness-benchmarks/mockito/src/main/java/org/mockito/internal/runners/util/RunnerProvider.java
org.mockito.internal.runners.util.FailureDetector	/home/nima/Developer/nullness-benchmarks/mockito/src/main/java/org/mockito/internal/runners/util/FailureDetector.java
org.mockito.internal.exceptions.util.ScenarioPrinter	/home/nima/Developer/nullness-benchmarks/mockito/src/main/java/org/mockito/internal/exceptions/util/ScenarioPrinter.java
org.mockito.internal.exceptions.stacktrace.DefaultStackTraceCleanerProvider	/home/nima/Developer/nullness-benchmarks/mockito/src/main/java/org/mockito/internal/exceptions/stacktrace/DefaultStackTraceCleanerProvider.java
org.mockito.internal.exceptions.stacktrace.DefaultStackTraceCleaner	/home/nima/Developer/nullness-benchmarks/mockito/src/main/java/org/mockito/internal/exceptions/stacktrace/DefaultStackTraceCleaner.java
org.mockito.internal.exceptions.ExceptionIncludingMockitoWarnings	/home/nima/Developer/nullness-benchmarks/mockito/src/main/java/org/mockito/internal/exceptions/ExceptionIncludingMockitoWarnings.java
org.mockito.internal.progress.ArgumentMatcherStorageImpl	/home/nima/Developer/nullness-benchmarks/mockito/src/main/java/org/mockito/internal/progress/ArgumentMatcherStorageImpl.java
org.mockito.internal.progress.SequenceNumber	/home/nima/Developer/nullness-benchmarks/mockito/src/main/java/org/mockito/internal/progress/SequenceNumber.java
org.mockito.internal.progress.MockingProgressImpl	/home/nima/Developer/nullness-benchmarks/mockito/src/main/java/org/mockito/internal/progress/MockingProgressImpl.java
org.mockito.internal.progress.MockingProgressImpl$1	/home/nima/Developer/nullness-benchmarks/mockito/src/main/java/org/mockito/internal/progress/MockingProgressImpl.java
org.mockito.internal.MockedStaticImpl	/home/nima/Developer/nullness-benchmarks/mockito/src/main/java/org/mockito/internal/MockedStaticImpl.java
org.mockito.internal.framework.DefaultMockitoSession	/home/nima/Developer/nullness-benchmarks/mockito/src/main/java/org/mockito/internal/framework/DefaultMockitoSession.java
org.mockito.internal.framework.DefaultMockitoSession$1	/home/nima/Developer/nullness-benchmarks/mockito/src/main/java/org/mockito/internal/framework/DefaultMockitoSession.java
org.mockito.internal.framework.DefaultMockitoFramework	/home/nima/Developer/nullness-benchmarks/mockito/src/main/java/org/mockito/internal/framework/DefaultMockitoFramework.java
org.mockito.internal.reporting.SmartPrinter	/home/nima/Developer/nullness-benchmarks/mockito/src/main/java/org/mockito/internal/reporting/SmartPrinter.java
org.mockito.internal.handler.InvocationNotifierHandler	/home/nima/Developer/nullness-benchmarks/mockito/src/main/java/org/mockito/internal/handler/InvocationNotifierHandler.java
org.mockito.internal.handler.NotifiedMethodInvocationReport	/home/nima/Developer/nullness-benchmarks/mockito/src/main/java/org/mockito/internal/handler/NotifiedMethodInvocationReport.java
org.mockito.internal.handler.MockHandlerImpl	/home/nima/Developer/nullness-benchmarks/mockito/src/main/java/org/mockito/internal/handler/MockHandlerImpl.java
org.mockito.internal.handler.NullResultGuardian	/home/nima/Developer/nullness-benchmarks/mockito/src/main/java/org/mockito/internal/handler/NullResultGuardian.java
org.mockito.internal.InternalMockHandler	/home/nima/Developer/nullness-benchmarks/mockito/src/main/java/org/mockito/internal/InternalMockHandler.java
org.mockito.internal.session.DefaultMockitoSessionBuilder	/home/nima/Developer/nullness-benchmarks/mockito/src/main/java/org/mockito/internal/session/DefaultMockitoSessionBuilder.java
org.mockito.internal.session.MockitoSessionLoggerAdapter	/home/nima/Developer/nullness-benchmarks/mockito/src/main/java/org/mockito/internal/session/MockitoSessionLoggerAdapter.java
org.mockito.internal.session.MockitoLoggerAdapter	/home/nima/Developer/nullness-benchmarks/mockito/src/main/java/org/mockito/internal/session/MockitoLoggerAdapter.java
org.mockito.AdditionalAnswers	/home/nima/Developer/nullness-benchmarks/mockito/src/main/java/org/mockito/AdditionalAnswers.java
org.mockito.codegen.InjectionBase	/home/nima/Developer/nullness-benchmarks/mockito/src/main/java/org/mockito/codegen/InjectionBase.java
org.mockito.Matchers	/home/nima/Developer/nullness-benchmarks/mockito/src/main/java/org/mockito/Matchers.java
