kind	class	method	param	index	uri	field
METHOD	org.mockito.exceptions.base.MockitoException	filterStackTrace()	null	null	/home/nima/Desktop/docker/benchmarks/mockito/src/main/java/org/mockito/exceptions/base/MockitoException.java	unfilteredStackTrace
METHOD	org.mockito.internal.stubbing.InvocationContainerImpl	setInvocationForPotentialStubbing(org.mockito.invocation.MatchableInvocation)	null	null	/home/nima/Desktop/docker/benchmarks/mockito/src/main/java/org/mockito/internal/stubbing/InvocationContainerImpl.java	invocationForStubbing
METHOD	org.mockito.internal.stubbing.InvocationContainerImpl	resetInvocationForPotentialStubbing(org.mockito.invocation.MatchableInvocation)	null	null	/home/nima/Desktop/docker/benchmarks/mockito/src/main/java/org/mockito/internal/stubbing/InvocationContainerImpl.java	invocationForStubbing
METHOD	org.mockito.internal.stubbing.InvocationContainerImpl	setMethodForStubbing(org.mockito.invocation.MatchableInvocation)	null	null	/home/nima/Desktop/docker/benchmarks/mockito/src/main/java/org/mockito/internal/stubbing/InvocationContainerImpl.java	invocationForStubbing
METHOD	org.mockito.internal.stubbing.StubbedInvocationMatcher	markStubUsed(org.mockito.invocation.DescribedInvocation)	null	null	/home/nima/Desktop/docker/benchmarks/mockito/src/main/java/org/mockito/internal/stubbing/StubbedInvocationMatcher.java	usedAt
METHOD	org.mockito.internal.stubbing.DoAnswerStyleStubbing	setAnswers(java.util.List<org.mockito.stubbing.Answer<?>>,org.mockito.quality.Strictness)	null	null	/home/nima/Desktop/docker/benchmarks/mockito/src/main/java/org/mockito/internal/stubbing/DoAnswerStyleStubbing.java	stubbingStrictness
METHOD	org.mockito.runners.ConsoleSpammingMockitoJUnitRunner$1	testStarted(org.junit.runner.Description)	null	null	/home/nima/Desktop/docker/benchmarks/mockito/src/main/java/org/mockito/runners/ConsoleSpammingMockitoJUnitRunner.java	warningsCollector
METHOD	org.mockito.runners.VerboseMockitoJUnitRunner$1	testStarted(org.junit.runner.Description)	null	null	/home/nima/Desktop/docker/benchmarks/mockito/src/main/java/org/mockito/runners/VerboseMockitoJUnitRunner.java	warningsCollector
METHOD	org.mockito.exceptions.base.MockitoSerializationIssue	filterStackTrace()	null	null	/home/nima/Desktop/docker/benchmarks/mockito/src/main/java/org/mockito/exceptions/base/MockitoSerializationIssue.java	unfilteredStackTrace
METHOD	org.mockito.internal.creation.settings.CreationSettings	setTypeToMock(java.lang.Class<T>)	null	null	/home/nima/Desktop/docker/benchmarks/mockito/src/main/java/org/mockito/internal/creation/settings/CreationSettings.java	typeToMock
METHOD	org.mockito.internal.creation.settings.CreationSettings	setExtraInterfaces(java.util.Set<java.lang.Class<?>>)	null	null	/home/nima/Desktop/docker/benchmarks/mockito/src/main/java/org/mockito/internal/creation/settings/CreationSettings.java	extraInterfaces
METHOD	org.mockito.internal.creation.settings.CreationSettings	setMockName(org.mockito.mock.MockName)	null	null	/home/nima/Desktop/docker/benchmarks/mockito/src/main/java/org/mockito/internal/creation/settings/CreationSettings.java	mockName
METHOD	org.mockito.internal.creation.settings.CreationSettings	setSerializableMode(org.mockito.mock.SerializableMode)	null	null	/home/nima/Desktop/docker/benchmarks/mockito/src/main/java/org/mockito/internal/creation/settings/CreationSettings.java	serializableMode
METHOD	org.mockito.internal.listeners.VerificationStartedNotifier$Event	setMock(java.lang.Object)	null	null	/home/nima/Desktop/docker/benchmarks/mockito/src/main/java/org/mockito/internal/listeners/VerificationStartedNotifier.java	mock
METHOD	org.mockito.internal.util.reflection.GenericMetadataSupport$TypeVariableReturnType	rawType()	null	null	/home/nima/Desktop/docker/benchmarks/mockito/src/main/java/org/mockito/internal/util/reflection/GenericMetadataSupport.java	rawType
METHOD	org.mockito.internal.util.reflection.GenericMetadataSupport$TypeVariableReturnType	extraInterfaces()	null	null	/home/nima/Desktop/docker/benchmarks/mockito/src/main/java/org/mockito/internal/util/reflection/GenericMetadataSupport.java	extraInterfaces
METHOD	org.mockito.internal.util.reflection.GenericMetadataSupport$TypeVariableReturnType	extraInterfaces()	null	null	/home/nima/Desktop/docker/benchmarks/mockito/src/main/java/org/mockito/internal/util/reflection/GenericMetadataSupport.java	extraInterfaces
METHOD	org.mockito.internal.util.reflection.GenericMetadataSupport$TypeVariableReturnType	extraInterfaces()	null	null	/home/nima/Desktop/docker/benchmarks/mockito/src/main/java/org/mockito/internal/util/reflection/GenericMetadataSupport.java	extraInterfaces
METHOD	org.mockito.internal.stubbing.OngoingStubbingImpl	setStrictness(org.mockito.quality.Strictness)	null	null	/home/nima/Desktop/docker/benchmarks/mockito/src/main/java/org/mockito/internal/stubbing/OngoingStubbingImpl.java	strictness
METHOD	org.mockito.internal.creation.MockSettingsImpl	useConstructor(java.lang.Object...)	null	null	/home/nima/Desktop/docker/benchmarks/mockito/src/main/java/org/mockito/internal/creation/MockSettingsImpl.java	constructorArgs
METHOD	org.mockito.internal.creation.MockSettingsImpl	outerInstance(java.lang.Object)	null	null	/home/nima/Desktop/docker/benchmarks/mockito/src/main/java/org/mockito/internal/creation/MockSettingsImpl.java	outerClassInstance
METHOD	org.mockito.internal.invocation.InterceptedInvocation	markStubbed(org.mockito.invocation.StubInfo)	null	null	/home/nima/Desktop/docker/benchmarks/mockito/src/main/java/org/mockito/internal/invocation/InterceptedInvocation.java	stubInfo
METHOD	org.mockito.internal.invocation.SerializableMethod	getJavaMethod()	null	null	/home/nima/Desktop/docker/benchmarks/mockito/src/main/java/org/mockito/internal/invocation/SerializableMethod.java	method
METHOD	org.mockito.internal.junit.UniversalTestListener	testFinished(org.mockito.internal.junit.TestFinishedEvent)	null	null	/home/nima/Desktop/docker/benchmarks/mockito/src/main/java/org/mockito/internal/junit/UniversalTestListener.java	mocks
METHOD	org.mockito.internal.junit.UniversalTestListener	setStrictness(org.mockito.quality.Strictness)	null	null	/home/nima/Desktop/docker/benchmarks/mockito/src/main/java/org/mockito/internal/junit/UniversalTestListener.java	currentStrictness
METHOD	org.mockito.internal.junit.DefaultStubbingLookupListener	setCurrentStrictness(org.mockito.quality.Strictness)	null	null	/home/nima/Desktop/docker/benchmarks/mockito/src/main/java/org/mockito/internal/junit/DefaultStubbingLookupListener.java	currentStrictness
METHOD	org.mockito.internal.junit.VerificationCollectorImpl	resetBuilder()	null	null	/home/nima/Desktop/docker/benchmarks/mockito/src/main/java/org/mockito/internal/junit/VerificationCollectorImpl.java	builder
METHOD	org.mockito.internal.junit.JUnitSessionStore	setStrictness(org.mockito.quality.Strictness)	null	null	/home/nima/Desktop/docker/benchmarks/mockito/src/main/java/org/mockito/internal/junit/JUnitSessionStore.java	strictness
METHOD	org.mockito.internal.junit.MismatchReportingTestListener	testFinished(org.mockito.internal.junit.TestFinishedEvent)	null	null	/home/nima/Desktop/docker/benchmarks/mockito/src/main/java/org/mockito/internal/junit/MismatchReportingTestListener.java	mocks
METHOD	org.mockito.internal.reporting.PrintSettings	setMatchersToBeDescribedWithExtraTypeInfo(java.lang.Integer[])	null	null	/home/nima/Desktop/docker/benchmarks/mockito/src/main/java/org/mockito/internal/reporting/PrintSettings.java	withTypeInfo
METHOD	org.mockito.internal.verification.SingleRegisteredInvocation	add(org.mockito.invocation.Invocation)	null	null	/home/nima/Desktop/docker/benchmarks/mockito/src/main/java/org/mockito/internal/verification/SingleRegisteredInvocation.java	invocation
METHOD	org.mockito.internal.configuration.injection.MockInjectionStrategy	thenTry(org.mockito.internal.configuration.injection.MockInjectionStrategy)	null	null	/home/nima/Desktop/docker/benchmarks/mockito/src/main/java/org/mockito/internal/configuration/injection/MockInjectionStrategy.java	nextStrategy
METHOD	org.mockito.internal.util.reflection.InstanceField	reader()	null	null	/home/nima/Desktop/docker/benchmarks/mockito/src/main/java/org/mockito/internal/util/reflection/InstanceField.java	fieldReader
METHOD	org.mockito.internal.debugging.LocationImpl	computeStackTraceInformation(org.mockito.internal.exceptions.stacktrace.StackTraceFilter,java.lang.Throwable,boolean)	null	null	/home/nima/Desktop/docker/benchmarks/mockito/src/main/java/org/mockito/internal/debugging/LocationImpl.java	stackTraceLine
METHOD	org.mockito.internal.debugging.LocationImpl	computeStackTraceInformation(org.mockito.internal.exceptions.stacktrace.StackTraceFilter,java.lang.Throwable,boolean)	null	null	/home/nima/Desktop/docker/benchmarks/mockito/src/main/java/org/mockito/internal/debugging/LocationImpl.java	sourceFile
METHOD	org.mockito.internal.debugging.LocationImpl	computeStackTraceInformation(org.mockito.internal.exceptions.stacktrace.StackTraceFilter,java.lang.Throwable,boolean)	null	null	/home/nima/Desktop/docker/benchmarks/mockito/src/main/java/org/mockito/internal/debugging/LocationImpl.java	stackTraceLine
METHOD	org.mockito.internal.debugging.LocationImpl	computeStackTraceInformation(org.mockito.internal.exceptions.stacktrace.StackTraceFilter,java.lang.Throwable,boolean)	null	null	/home/nima/Desktop/docker/benchmarks/mockito/src/main/java/org/mockito/internal/debugging/LocationImpl.java	sourceFile
METHOD	org.mockito.internal.runners.DefaultInternalRunner$1	withBefores(org.junit.runners.model.FrameworkMethod,java.lang.Object,org.junit.runners.model.Statement)	null	null	/home/nima/Desktop/docker/benchmarks/mockito/src/main/java/org/mockito/internal/runners/DefaultInternalRunner.java	target
METHOD	org.mockito.internal.runners.DefaultInternalRunner$1$2	testFailure(org.junit.runner.notification.Failure)	null	null	/home/nima/Desktop/docker/benchmarks/mockito/src/main/java/org/mockito/internal/runners/DefaultInternalRunner.java	failure
METHOD	org.mockito.internal.progress.MockingProgressImpl	reportOngoingStubbing(org.mockito.stubbing.OngoingStubbing)	null	null	/home/nima/Desktop/docker/benchmarks/mockito/src/main/java/org/mockito/internal/progress/MockingProgressImpl.java	ongoingStubbing
METHOD	org.mockito.internal.progress.MockingProgressImpl	verificationStarted(org.mockito.verification.VerificationMode)	null	null	/home/nima/Desktop/docker/benchmarks/mockito/src/main/java/org/mockito/internal/progress/MockingProgressImpl.java	verificationMode
METHOD	org.mockito.internal.progress.MockingProgressImpl	stubbingStarted()	null	null	/home/nima/Desktop/docker/benchmarks/mockito/src/main/java/org/mockito/internal/progress/MockingProgressImpl.java	stubbingInProgress
METHOD	org.mockito.internal.progress.MockingProgressImpl	setVerificationStrategy(org.mockito.verification.VerificationStrategy)	null	null	/home/nima/Desktop/docker/benchmarks/mockito/src/main/java/org/mockito/internal/progress/MockingProgressImpl.java	verificationStrategy
METHOD	org.mockito.internal.session.DefaultMockitoSessionBuilder	name(java.lang.String)	null	null	/home/nima/Desktop/docker/benchmarks/mockito/src/main/java/org/mockito/internal/session/DefaultMockitoSessionBuilder.java	name
METHOD	org.mockito.internal.session.DefaultMockitoSessionBuilder	strictness(org.mockito.quality.Strictness)	null	null	/home/nima/Desktop/docker/benchmarks/mockito/src/main/java/org/mockito/internal/session/DefaultMockitoSessionBuilder.java	strictness
METHOD	org.mockito.internal.session.DefaultMockitoSessionBuilder	logger(org.mockito.session.MockitoSessionLogger)	null	null	/home/nima/Desktop/docker/benchmarks/mockito/src/main/java/org/mockito/internal/session/DefaultMockitoSessionBuilder.java	logger
